Standing,Team Name,Games Played,Wins,Draws,Losses,Goals For,Goals Against,Goal Difference,Points,Year,Relative Team Strength
1,Paris Saint-Germain,38,30,6,2,102,19,+83,96,2015,28.51
1,Paris Saint-Germain,27,22,2,3,75,24,+51,68,2019,24.2
1,Lille,38,21,13,4,68,36,+32,76,2010,22.49
1,Lyon,38,24,9,5,64,27,+37,81,2006,21.67
1,Bayern Munich,34,27,3,4,92,28,+64,84,2017,20.7
1,Lyon,38,22,13,3,56,22,+34,79,2004,19.44
1,Lyon,38,24,7,7,74,37,+37,79,2007,19.36
1,Bayern Munich,34,29,4,1,98,18,+80,91,2012,19.21
1,Bayern Munich,34,24,6,4,99,44,+55,78,2020,18.32
1,Paris Saint-Germain,38,27,8,3,84,23,+61,89,2013,18.13
1,Paris Saint-Germain,38,29,4,5,105,35,+70,91,2018,18.0
1,Internazionale,38,29,7,2,89,22,+67,94,2023,17.81
1,Barcelona,38,26,9,3,90,36,+54,87,2018,17.79
1,Real Madrid,38,27,4,7,84,36,+48,85,2007,17.66
1,Juventus,38,23,15,0,68,20,+48,84,2011,17.66
1,Lyon,38,25,9,4,73,31,+42,84,2005,17.56
1,Juventus,38,26,9,3,72,24,+48,87,2014,17.52
1,Valencia,38,23,8,7,71,27,+44,77,2003,17.38
2,Marseille,38,18,14,6,62,39,+23,68,2010,17.21
1,Real Madrid,38,32,4,2,121,32,+89,100,2011,17.15
1,Bayern Munich,34,25,7,2,89,22,+67,82,2016,17.12
1,Barcelona,38,28,9,1,99,29,+70,93,2017,17.03
1,Juventus,38,27,6,5,71,24,+47,87,2012,17.0
1,Bayern Munich,34,24,5,5,75,33,+42,77,2004,16.99
1,Paris Saint-Germain,38,25,8,5,69,23,+46,83,2012,16.97
1,Bayern Munich,34,24,5,5,97,37,+60,77,2021,16.85
1,Barcelona,38,27,6,5,105,35,+70,87,2008,16.84
1,Manchester United,38,27,6,5,80,22,+58,87,2007,16.63
1,Internazionale,38,24,10,4,75,34,+41,82,2009,16.32
1,Bayern Munich,34,28,4,2,80,17,+63,88,2015,16.29
1,Paris Saint-Germain,38,29,6,3,108,29,+79,93,2017,16.18
1,Barcelona,38,25,7,6,80,35,+45,82,2005,16.1
1,Liverpool,38,32,3,3,85,33,+52,99,2019,15.98
1,Chelsea,38,29,4,5,72,22,+50,91,2005,15.95
1,Barcelona,38,30,6,2,95,21,+74,96,2010,15.87
1,Napoli,38,28,6,4,77,28,+49,90,2022,15.8
1,Barcelona,38,28,4,6,70,20,+50,88,2022,15.61
1,Internazionale,38,30,7,1,80,34,+46,97,2006,15.58
2,Bordeaux,38,22,9,7,65,38,+27,75,2007,15.55
2,Paris Saint-Germain,38,26,4,8,86,28,+58,82,2020,15.54
2,Barcelona,38,22,10,6,78,33,+45,76,2006,15.5
1,Manchester City,38,32,2,4,95,23,+72,98,2018,15.5
1,Arsenal,38,26,12,0,73,26,+47,90,2003,15.46
1,AC Milan,38,24,10,4,65,24,+41,82,2010,15.39
3,Lyon,38,17,13,8,61,40,+21,64,2010,15.37
1,Bayer Leverkusen,34,28,6,0,89,24,+65,90,2023,15.3
1,Manchester City,38,28,7,3,96,34,+62,91,2023,15.3
1,AC Milan,34,25,7,2,65,24,+41,82,2003,15.27
2,AC Milan,38,24,8,6,74,33,+41,80,2011,15.18
1,Leicester City,38,23,12,3,68,36,+32,81,2015,15.12
1,Borussia Dortmund,34,23,6,5,67,22,+45,75,2010,15.01
2,Arsenal,38,28,5,5,91,29,+62,89,2023,14.9
1,Bayern Munich,34,29,3,2,94,23,+71,90,2013,14.89
1,Paris Saint-Germain,34,22,10,2,81,33,+48,76,2023,14.87
1,Manchester City,38,29,6,3,99,26,+73,93,2021,14.85
1,Bayern Munich,34,25,4,5,80,18,+62,79,2014,14.83
1,Juventus,38,28,6,4,70,30,+40,90,2018,14.82
2,Liverpool,38,30,7,1,89,22,+67,97,2018,14.71
1,Real Madrid,38,29,8,1,87,26,+61,95,2023,14.67
1,Chelsea,38,29,8,1,72,15,+57,95,2004,14.62
1,Bordeaux,38,24,8,6,64,34,+30,80,2008,14.62
2,Barcelona,38,28,7,3,114,29,+85,91,2011,14.59
1,Barcelona,38,25,9,4,73,29,+44,84,2004,14.54
1,Manchester City,38,28,5,5,93,29,+64,89,2011,14.48
1,Juventus,38,33,3,2,80,23,+57,102,2013,14.37
1,Manchester United,38,28,5,5,83,27,+56,89,2006,14.32
1,Bayern Munich,34,26,4,4,100,32,+68,82,2019,14.24
2,Real Madrid,38,29,5,4,102,33,+69,92,2010,14.24
2,Marseille,38,22,11,5,67,35,+32,77,2008,14.23
2,Manchester City,38,26,3,9,102,35,+67,81,2019,14.15
1,Manchester City,38,27,5,6,83,32,+51,86,2020,14.1
2,Liverpool,38,28,8,2,94,26,+68,92,2021,14.1
1,Juventus,38,29,4,5,75,20,+55,91,2015,14.09
2,AS Roma,34,21,8,5,68,19,+49,71,2003,14.0
1,Barcelona,38,32,4,2,115,40,+75,100,2012,13.98
1,Real Madrid,38,26,8,4,80,31,+49,86,2021,13.95
3,Arsenal,38,24,11,3,74,31,+43,83,2007,13.92
2,Chelsea,38,25,10,3,65,26,+39,85,2007,13.8
1,Barcelona,38,31,6,1,98,24,+74,99,2009,13.73
1,Real Madrid,38,26,9,3,70,25,+45,87,2019,13.7
1,AS Monaco,38,30,5,3,107,31,+76,95,2016,13.62
2,Barcelona,38,28,6,4,116,37,+79,90,2016,13.57
20,Juventus,38,27,10,1,71,24,+47,91,2005,13.42
1,Borussia Dortmund,34,25,6,3,80,25,+55,81,2011,13.4
2,Manchester United,38,28,5,5,89,33,+56,89,2011,13.39
1,Manchester City,38,32,4,2,106,27,+79,100,2017,13.37
1,Paris Saint-Germain,38,27,4,7,89,40,+49,85,2022,13.33
1,Lille,38,24,11,3,64,23,+41,83,2020,13.28
2,Napoli,38,23,9,6,73,36,+37,78,2012,13.28
2,Barcelona,38,25,7,6,86,38,+48,82,2019,13.1
1,Bayern Munich,34,22,10,2,68,21,+47,76,2007,13.07
1,Juventus,38,30,5,3,86,24,+62,95,2017,13.0
1,Barcelona,38,30,4,4,110,21,+89,94,2014,12.99
1,Lyon,38,24,7,7,64,26,+38,79,2003,12.95
3,Tottenham Hotspur,38,19,13,6,69,35,+34,70,2015,12.87
1,Paris Saint-Germain,38,24,11,3,83,36,+47,83,2014,12.87
4,Paris Saint-Germain,38,15,15,8,56,41,+15,60,2010,12.82
2,AS Roma,38,24,8,6,68,41,+27,80,2009,12.82
1,Manchester City,38,28,5,5,94,33,+61,89,2022,12.69
1,Real Madrid,38,29,6,3,106,41,+65,93,2016,12.66
1,Bayern Munich,34,24,6,4,88,32,+56,78,2018,12.63
2,Real Madrid,38,25,5,8,71,32,+39,80,2004,12.63
1,Paris Saint-Germain,38,26,8,4,90,36,+54,86,2021,12.63
5,Sochaux,38,17,7,14,60,43,+17,58,2010,12.57
1,Juventus,38,26,8,4,67,27,+40,86,2004,12.56
1,Manchester United,38,23,11,4,78,37,+41,80,2010,12.54
2,Manchester United,38,25,8,5,72,34,+38,83,2005,12.47
1,Chelsea,38,27,5,6,103,32,+71,86,2009,12.41
1,Internazionale,38,25,9,4,70,32,+38,84,2008,12.41
2,Napoli,38,24,7,7,74,36,+38,79,2018,12.34
2,Arsenal,38,20,11,7,65,36,+29,71,2015,12.33
3,Werder Bremen,34,20,6,8,76,40,+36,66,2006,12.3
1,Marseille,38,23,9,6,69,36,+33,78,2009,12.29
2,Real Madrid,38,31,3,4,102,35,+67,96,2009,12.26
4,Liverpool,38,21,13,4,67,28,+39,76,2007,12.14
1,Bayern Munich,34,21,8,5,92,38,+54,71,2022,12.06
1,Internazionale,38,28,7,3,89,35,+54,91,2020,12.0
2,Lille,38,18,13,7,52,29,+23,67,2004,11.95
1,Barcelona,38,29,4,5,112,29,+83,91,2015,11.93
1,Internazionale,38,25,10,3,69,26,+43,85,2007,11.88
1,Real Madrid,38,23,7,8,66,40,+26,76,2006,11.86
2,Barcelona,38,27,6,5,100,33,+67,87,2013,11.85
2,Lens,38,25,9,4,68,29,+39,84,2022,11.84
2,Real Madrid,38,30,2,6,118,38,+80,92,2014,11.8
1,Bayern Munich,34,20,10,4,72,31,+41,70,2009,11.77
3,Liverpool,38,24,10,4,86,41,+45,82,2023,11.75
3,Real Madrid,38,27,6,5,104,38,+66,87,2013,11.74
2,Bayern Munich,34,23,4,7,77,22,+55,73,2011,11.58
2,Borussia Dortmund,34,24,6,4,82,34,+48,78,2015,11.58
3,Deportivo La Coruña,38,21,8,9,60,34,+26,71,2003,11.58
2,Real Madrid,38,24,6,8,75,36,+39,78,2022,11.52
2,Internazionale,38,24,10,4,81,36,+45,82,2019,11.52
4,Lyon,38,22,10,6,81,43,+38,76,2020,11.41
2,Barcelona,38,21,9,8,63,39,+24,72,2003,11.4
3,Liverpool,38,25,7,6,57,25,+32,82,2005,11.39
4,Manchester City,38,19,9,10,71,41,+30,66,2015,11.35
3,Atalanta,38,23,9,6,98,48,+50,78,2019,11.35
1,Chelsea,38,26,9,3,73,32,+41,87,2014,11.33
1,Juventus,38,29,4,5,77,27,+50,91,2016,11.33
3,AS Monaco,38,24,6,8,76,42,+34,78,2020,11.27
2,Napoli,38,25,7,6,80,32,+48,82,2015,11.23
3,Bayern Munich,34,19,8,7,81,40,+41,65,2010,11.21
1,Bayern Munich,34,22,9,3,67,32,+35,75,2005,11.2
2,RB Leipzig,34,19,8,7,60,32,+28,65,2020,11.19
2,Borussia Dortmund,34,22,3,9,85,52,+33,69,2021,11.17
3,Sevilla,38,21,8,9,64,35,+29,71,2006,11.17
2,Werder Bremen,34,21,7,6,79,37,+42,70,2005,11.14
1,Montpellier,38,25,7,6,68,34,+34,82,2011,11.14
2,Arsenal,38,25,8,5,87,36,+51,83,2004,11.12
1,Manchester United,38,28,5,5,86,43,+43,89,2012,11.12
3,Napoli,38,26,8,4,94,39,+55,86,2016,11.12
2,Villarreal,38,24,5,9,63,40,+23,77,2007,11.1
2,Internazionale,38,23,7,8,69,42,+27,76,2010,11.1
3,Borussia Dortmund,34,20,4,10,75,46,+29,64,2020,11.09
2,Chelsea,38,24,7,7,67,30,+37,79,2003,11.09
2,Internazionale,38,25,9,4,84,32,+52,84,2021,11.09
2,Real Madrid,38,28,6,4,110,34,+76,90,2015,11.04
3,Atlético Madrid,38,23,8,7,70,33,+37,77,2022,11.02
1,Werder Bremen,34,22,8,4,79,38,+41,74,2003,11.01
2,AS Monaco,38,23,11,4,63,31,+32,80,2013,11.0
3,Lyon,38,20,11,7,52,29,+23,71,2008,10.97
3,Real Madrid,38,22,10,6,94,44,+50,76,2017,10.95
2,AS Roma,38,28,3,7,90,38,+52,87,2016,10.94
1,Chelsea,38,30,3,5,85,33,+52,93,2016,10.92
1,VfB Stuttgart,34,21,7,6,61,37,+24,70,2006,10.84
1,Manchester City,38,27,5,6,102,37,+65,86,2013,10.84
2,Manchester United,38,27,4,7,86,28,+58,85,2009,10.83
3,Lazio,38,21,6,11,71,38,+33,69,2014,10.81
2,Napoli,38,28,7,3,77,29,+48,91,2017,10.8
3,AC Milan,38,21,9,8,67,39,+28,72,2012,10.76
2,Tottenham Hotspur,38,26,8,4,86,26,+60,86,2016,10.64
1,Atlético Madrid,38,28,6,4,77,26,+51,90,2013,10.61
2,Marseille,28,16,8,4,41,29,+12,56,2019,10.59
2,Chelsea,38,24,11,3,64,24,+40,83,2006,10.55
2,Paris Saint-Germain,38,23,10,5,75,41,+34,79,2011,10.46
3,Werder Bremen,34,18,5,11,68,37,+31,59,2004,10.41
3,AS Monaco,38,21,12,5,59,30,+29,75,2003,10.41
4,Lille,38,21,7,10,72,40,+32,70,2009,10.37
2,Real Madrid,38,20,10,8,70,40,+30,70,2005,10.36
4,Fiorentina,38,21,7,10,72,44,+28,70,2012,10.34
3,Barcelona,38,19,10,9,76,43,+33,67,2007,10.32
2,Manchester City,38,24,7,7,83,38,+45,79,2014,10.3
3,Juventus,34,21,6,7,67,42,+25,69,2003,10.25
1,Juventus,38,26,5,7,76,43,+33,83,2019,10.24
3,Bayer Leverkusen,34,19,7,8,80,47,+33,64,2021,10.1
3,AS Roma,38,23,11,4,83,41,+42,80,2015,10.1
2,Borussia Dortmund,34,22,5,7,83,44,+39,71,2022,10.07
3,Bayern Munich,34,23,3,8,94,45,+49,72,2023,10.06
2,AS Roma,38,26,7,5,72,25,+47,85,2013,10.06
2,AS Roma,38,22,9,7,74,34,+40,75,2006,10.0
2,Lyon,38,19,8,11,67,43,+24,65,2015,9.97
2,AS Roma,38,24,10,4,72,37,+35,82,2007,9.94
2,Atlético Madrid,38,23,10,5,58,22,+36,79,2017,9.93
2,AC Milan,38,23,10,5,63,28,+35,79,2004,9.93
4,Lazio,38,24,6,8,79,42,+37,78,2019,9.89
2,Lazio,38,22,8,8,60,30,+30,74,2022,9.88
2,Lyon,38,22,9,7,72,33,+39,75,2014,9.87
2,Borussia Dortmund,34,23,7,4,81,44,+37,76,2018,9.86
4,VfL Wolfsburg,34,17,10,7,61,37,+24,61,2020,9.83
1,AC Milan,38,26,8,4,69,31,+38,86,2021,9.83
2,Arsenal,38,26,6,6,88,43,+45,84,2022,9.82
2,Lyon,38,20,12,6,64,38,+26,72,2009,9.79
4,Hertha Berlin,34,15,13,6,59,31,+28,58,2004,9.76
2,Schalke 04,34,21,5,8,53,32,+21,68,2006,9.73
2,Liverpool,38,25,11,2,77,27,+50,86,2008,9.72
3,AC Milan,38,22,8,8,70,35,+35,74,2008,9.72
2,Paris Saint-Germain,38,27,6,5,83,27,+56,87,2016,9.71
4,Real Madrid,38,21,7,10,72,54,+18,70,2003,9.68
1,Manchester United,38,28,6,4,68,24,+44,90,2008,9.67
2,AS Roma,38,19,13,6,54,31,+23,70,2014,9.57
3,Atalanta,38,20,9,9,77,46,+31,69,2018,9.57
2,Atlético Madrid,38,22,10,6,55,29,+26,76,2018,9.53
3,Stade Rennais,28,15,5,8,38,24,+14,50,2019,9.52
2,Barcelona,38,26,7,5,79,44,+35,85,2023,9.51
4,Arsenal,38,20,7,11,68,31,+37,67,2005,9.46
2,Chelsea,38,21,8,9,69,33,+36,71,2010,9.45
2,Paris Saint-Germain,38,22,10,6,50,28,+22,76,2003,9.45
6,Stade Rennais,38,15,11,12,38,35,+3,56,2010,9.43
3,Internazionale,38,23,3,12,71,42,+29,72,2022,9.41
2,Real Madrid,38,26,7,5,103,42,+61,85,2012,9.4
1,Internazionale,38,23,7,8,68,30,+38,76,2005,9.4
3,Girona,38,25,6,7,85,46,+39,81,2023,9.38
3,AS Monaco,38,15,18,5,52,35,+17,63,2004,9.35
3,AC Milan,38,20,10,8,60,39,+21,70,2009,9.35
3,Valencia,38,19,12,7,58,33,+25,69,2005,9.33
2,Juventus,38,21,11,6,69,37,+32,74,2008,9.3
2,Lille,38,22,9,7,68,33,+35,75,2018,9.29
2,VfB Stuttgart,34,23,4,7,78,39,+39,73,2023,9.28
3,Napoli,38,24,7,7,74,31,+43,79,2021,9.2
3,Lille,38,21,11,6,72,39,+33,74,2011,9.17
2,Liverpool,38,26,6,6,101,50,+51,84,2013,9.14
3,Marseille,38,17,11,10,58,45,+13,62,2007,9.11
1,Atlético Madrid,38,26,8,4,67,25,+42,86,2020,9.1
3,Manchester United,38,23,6,9,64,35,+29,75,2003,9.09
5,Manchester United,38,19,9,10,49,35,+14,66,2015,9.08
6,Southampton,38,18,9,11,59,41,+18,63,2015,9.07
2,AS Monaco,34,20,7,7,68,42,+26,67,2023,9.04
4,RB Leipzig,34,17,7,10,72,37,+35,58,2021,9.01
3,Lyon,38,23,9,6,87,43,+44,78,2017,8.99
1,VfL Wolfsburg,34,21,6,7,80,41,+39,69,2008,8.93
2,AS Monaco,38,24,8,6,85,45,+40,80,2017,8.9
2,AC Milan,38,22,9,7,76,49,+27,75,2023,8.86
4,AS Nancy Lorraine,38,15,15,8,44,30,+14,60,2007,8.82
5,Napoli,38,24,5,9,86,41,+45,77,2020,8.82
2,Manchester United,38,21,11,6,73,44,+29,74,2020,8.8
2,Bordeaux,38,18,15,5,43,25,+18,69,2005,8.8
3,Atalanta,38,23,9,6,90,47,+43,78,2020,8.78
2,Real Madrid,38,25,3,10,83,52,+31,78,2008,8.75
4,Internazionale,38,20,9,9,57,33,+24,69,2018,8.75
2,Bayer Leverkusen,34,20,8,6,64,44,+20,68,2010,8.73
5,Eintracht Frankfurt,34,16,12,6,69,53,+16,60,2020,8.73
4,Nice,38,18,9,11,58,41,+17,63,2015,8.72
5,Sevilla,38,20,4,14,75,49,+26,64,2007,8.7
2,Marseille,38,19,7,12,53,38,+15,64,2006,8.69
6,Bayer Leverkusen,34,16,9,9,65,44,+21,57,2004,8.63
2,Borussia Dortmund,34,21,6,7,84,41,+43,69,2019,8.63
3,Napoli,38,21,7,10,59,39,+20,70,2010,8.63
3,Barcelona,38,24,7,7,85,38,+47,79,2020,8.59
3,Marseille,38,22,7,9,67,40,+27,73,2022,8.59
5,Everton,38,19,8,11,55,33,+22,65,2007,8.54
4,Toulouse,38,16,16,6,45,27,+18,64,2008,8.54
3,Chelsea,38,25,8,5,68,24,+44,83,2008,8.52
3,Chelsea,38,21,11,6,76,33,+43,74,2021,8.5
3,Lyon,38,19,10,9,61,38,+23,67,2012,8.44
2,VfL Wolfsburg,34,20,9,5,72,38,+34,69,2014,8.4
4,Juventus,38,23,9,6,77,38,+39,78,2020,8.39
2,Real Madrid,38,25,9,4,67,28,+39,84,2020,8.38
7,West Ham United,38,16,14,8,65,51,+14,62,2015,8.35
2,Bayern Munich,34,20,8,6,70,39,+31,68,2003,8.29
2,Schalke 04,34,20,3,11,56,46,+10,63,2004,8.29
2,Barcelona,38,21,10,7,68,38,+30,73,2021,8.29
3,Lille,38,16,14,8,56,31,+25,62,2005,8.28
5,Saint-Etienne,38,16,15,7,60,32,+28,63,2012,8.28
4,Atalanta,38,21,6,11,72,42,+30,69,2023,8.27
3,Atlético Madrid,38,23,9,6,70,27,+43,78,2016,8.25
3,Arsenal,38,22,9,7,71,36,+35,75,2014,8.24
3,RB Leipzig,34,18,12,4,81,37,+44,66,2019,8.22
4,Udinese,38,20,6,12,65,43,+22,66,2010,8.22
3,Werder Bremen,34,17,10,7,71,40,+31,61,2009,8.21
5,Saint-Etienne,38,16,10,12,47,34,+13,58,2007,8.18
4,Lille,28,15,4,9,35,27,+8,49,2019,8.18
3,Chelsea,38,25,7,6,71,27,+44,82,2013,8.17
3,Villarreal,38,18,11,9,69,37,+32,65,2004,8.16
3,Bayer Leverkusen,34,19,8,7,73,39,+34,65,2003,8.15
3,Manchester City,38,21,8,9,60,33,+27,71,2010,8.12
4,Stade Rennais,38,21,5,12,69,39,+30,68,2022,8.12
4,AC Milan,38,20,10,8,64,43,+21,70,2022,8.12
4,Internazionale,34,17,8,9,59,37,+22,59,2003,8.11
3,Juventus,38,20,12,6,72,37,+35,72,2007,8.07
2,Borussia Dortmund,34,19,9,6,81,42,+39,66,2012,8.01
4,Valencia,38,22,7,9,65,38,+27,73,2017,8.01
5,AC Milan,38,19,11,8,55,36,+19,68,2018,8.01
4,Marseille,38,21,6,11,76,42,+34,69,2014,7.99
3,Napoli,38,23,9,6,77,39,+38,78,2013,7.98
5,Udinese,38,18,12,8,59,45,+14,66,2012,7.95
2,Werder Bremen,34,20,6,8,75,45,+30,66,2007,7.94
7,Lille,38,13,18,7,45,32,+13,57,2007,7.94
2,AC Milan,38,24,7,7,74,41,+33,79,2020,7.94
5,VfB Stuttgart,34,17,7,10,54,40,+14,58,2004,7.92
3,Chelsea,38,22,9,7,75,39,+36,75,2012,7.9
4,RB Leipzig,34,19,8,7,77,39,+38,65,2023,7.89
2,Manchester City,38,23,9,6,66,34,+32,78,2012,7.87
8,Liverpool,38,16,12,10,63,50,+13,60,2015,7.87
3,RB Leipzig,34,19,9,6,63,29,+34,66,2018,7.86
7,Bordeaux,38,12,15,11,43,42,+1,51,2010,7.85
3,AS Monaco,38,17,14,7,57,50,+7,65,2015,7.85
3,Hamburg SV,34,21,5,8,53,30,+23,68,2005,7.83
3,Juventus,38,19,14,5,54,31,+23,71,2023,7.83
4,Atlético Madrid,38,19,7,12,66,47,+19,64,2007,7.82
3,AC Milan,38,28,4,6,85,31,+54,58,2005,7.81
3,Borussia Dortmund,34,18,10,6,72,40,+32,64,2016,7.8
9,AJ Auxerre,38,10,19,9,45,41,+4,49,2010,7.79
2,Schalke 04,34,19,8,7,53,31,+22,65,2009,7.78
2,RB Leipzig,34,20,7,7,66,39,+27,67,2016,7.77
4,Valencia,38,20,6,12,57,42,+15,66,2006,7.77
4,Arsenal,38,19,11,8,72,43,+29,68,2010,7.77
3,Arsenal,38,23,6,9,83,41,+42,75,2009,7.76
8,Toulouse,38,14,8,16,38,36,+2,50,2010,7.76
4,AJ Auxerre,38,19,8,11,60,34,+26,65,2003,7.71
4,Marseille,38,22,11,5,80,47,+33,77,2017,7.71
3,Manchester United,38,22,11,5,58,26,+32,77,2004,7.69
3,Atlético Madrid,38,28,4,6,63,18,+45,88,2015,7.68
2,Borussia Dortmund,34,22,5,7,80,38,+42,71,2013,7.67
3,Udinese,38,18,10,10,52,35,+17,64,2011,7.66
3,Lille,38,20,11,7,46,26,+20,71,2013,7.65
3,Liverpool,38,20,9,9,68,42,+26,69,2020,7.63
5,Lille,38,17,13,8,51,39,+12,64,2008,7.62
4,Saint-Etienne,38,20,9,9,56,34,+22,69,2013,7.6
6,Aston Villa,38,16,12,10,71,51,+20,60,2007,7.59
3,Manchester City,38,23,9,6,80,39,+41,78,2016,7.59
5,Lille,38,15,15,8,39,27,+12,60,2015,7.59
6,AS Roma,38,18,12,8,66,48,+18,66,2018,7.59
5,Sevilla,38,20,8,10,54,39,+15,68,2005,7.56
12,Valenciennes,38,10,18,10,45,41,+4,48,2010,7.53
5,Napoli,38,16,13,9,66,46,+20,61,2011,7.52
4,Arsenal,38,21,10,7,72,37,+35,73,2012,7.48
5,AS Roma,38,21,7,10,77,51,+26,70,2019,7.48
6,Paris Saint-Germain,38,19,7,12,49,38,+11,64,2008,7.47
3,AJ Auxerre,38,20,11,7,42,29,+13,71,2009,7.44
4,Fiorentina,38,18,10,10,61,46,+15,64,2014,7.44
5,Napoli,38,18,9,11,70,54,+16,63,2014,7.41
3,AS Roma,38,23,8,7,61,28,+33,77,2017,7.37
4,Atlético Madrid,38,24,4,10,70,43,+27,76,2023,7.34
3,Lyon,38,21,9,8,70,47,+23,72,2018,7.34
6,AS Roma,38,18,8,12,71,56,+15,62,2012,7.34
5,Bologna,38,18,14,6,54,32,+22,68,2023,7.31
3,Manchester United,38,18,12,8,66,36,+30,66,2019,7.3
4,Bayer Leverkusen,34,15,14,5,65,38,+27,59,2009,7.28
3,Internazionale,38,18,18,2,65,37,+28,72,2004,7.28
3,Atlético Madrid,38,18,16,4,51,27,+24,70,2019,7.27
5,Lazio,38,20,6,12,55,39,+16,66,2010,7.27
5,Lazio,38,21,9,8,89,49,+40,72,2017,7.27
2,Bayern Munich,34,20,7,7,71,42,+29,67,2008,7.24
3,AS Monaco,38,20,11,7,51,26,+25,71,2014,7.22
2,Schalke 04,34,18,9,7,53,37,+16,63,2017,7.18
4,VfB Stuttgart,34,18,10,6,52,24,+28,64,2003,7.17
7,Lyon,28,11,7,10,42,27,+15,40,2019,7.15
6,Bordeaux,38,19,7,12,58,40,+18,64,2009,7.09
5,Lille,38,19,10,9,65,44,+21,67,2022,7.09
4,Stade Rennais,38,20,6,12,82,40,+42,66,2021,7.08
10,Saint-Etienne,38,12,13,13,46,47,-1,49,2010,7.07
7,Juventus,38,22,6,10,56,33,+23,62,2022,7.07
2,AS Roma,38,19,12,7,70,42,+28,69,2005,7.06
3,RB Leipzig,34,20,6,8,64,41,+23,66,2022,7.03
4,Real Sociedad,38,21,8,9,51,35,+16,71,2022,7.03
6,Bayer Leverkusen,34,14,10,10,53,39,+14,52,2020,6.99
3,Borussia Monchengladbach,34,19,9,6,53,26,+27,66,2014,6.96
4,Internazionale,38,20,12,6,66,30,+36,72,2017,6.96
3,Schalke 04,34,20,4,10,74,44,+30,64,2011,6.95
4,Tottenham Hotspur,38,22,5,11,69,40,+29,71,2021,6.95
3,Atlético Madrid,38,21,8,9,65,43,+22,71,2021,6.93
11,Lorient,38,12,13,13,46,48,-2,49,2010,6.93
5,Palermo,38,18,11,9,59,47,+12,65,2009,6.92
4,Liverpool,38,22,10,6,78,42,+36,76,2016,6.89
4,Chelsea,38,19,10,9,58,36,+22,67,2020,6.89
4,Bayern Munich,34,18,6,10,55,40,+15,60,2006,6.88
4,Sevilla,38,18,16,4,53,30,+23,70,2021,6.88
3,Brest,34,17,10,7,53,34,+19,61,2023,6.88
4,Aston Villa,38,20,8,10,76,61,+15,68,2023,6.87
5,Atalanta,38,19,7,12,66,48,+18,64,2022,6.87
4,TSG Hoffenheim,34,16,14,4,64,37,+27,62,2016,6.86
4,Tottenham Hotspur,38,23,2,13,67,39,+28,71,2018,6.83
7,Torino,38,16,15,7,52,37,+15,63,2018,6.83
6,Lille,38,16,14,8,59,40,+19,62,2012,6.81
4,Newcastle United,38,19,14,5,68,33,+35,71,2022,6.77
4,Sevilla,38,19,13,6,54,34,+20,70,2019,6.75
6,Lazio,34,16,8,10,52,38,+14,56,2003,6.75
5,Parma,34,16,10,8,57,46,+11,58,2003,6.73
4,Sampdoria,38,19,10,9,49,41,+8,67,2009,6.67
5,Montpellier,38,20,9,9,50,40,+10,69,2009,6.66
3,Liverpool,38,20,8,10,57,27,+30,68,2006,6.64
5,Tottenham Hotspur,38,18,11,9,53,38,+15,65,2005,6.63
6,Genoa,38,16,11,11,62,47,+15,59,2014,6.63
3,Chelsea,38,21,9,8,63,39,+24,72,2018,6.62
3,Schalke 04,34,18,10,6,55,32,+23,64,2007,6.58
3,Real Madrid,38,21,5,12,63,46,+17,68,2018,6.58
7,Lazio,38,18,7,13,51,42,+9,61,2012,6.57
6,Stade Rennais,38,16,10,12,47,44,+3,58,2007,6.54
5,Borussia Dortmund,34,18,9,7,68,43,+25,63,2023,6.53
3,Arsenal,38,21,7,10,74,49,+25,70,2011,6.51
5,Arsenal,38,23,6,9,77,44,+33,75,2016,6.5
6,Saint-Etienne,38,17,7,14,42,37,+5,58,2015,6.49
7,Stade Rennais,38,15,16,7,42,34,+8,61,2008,6.47
3,Bayer Leverkusen,34,19,8,7,65,39,+26,65,2012,6.46
5,Tottenham Hotspur,38,20,6,12,74,61,+13,66,2023,6.46
6,Celta Vigo,38,20,4,14,45,33,+12,64,2005,6.45
4,Arsenal,38,19,11,8,63,35,+28,68,2006,6.42
5,Saint-Etienne,38,19,12,7,51,30,+21,69,2014,6.4
3,Atlético Madrid,38,23,9,6,67,29,+38,78,2014,6.39
2,Marseille,38,21,8,9,63,38,+25,71,2021,6.39
4,Lille,34,16,11,7,52,34,+18,59,2023,6.39
7,Mallorca,38,15,14,9,69,54,+15,59,2007,6.38
2,Manchester United,38,25,6,7,68,28,+40,81,2017,6.38
7,Newcastle United,38,18,6,14,85,62,+23,60,2023,6.38
2,Marseille,38,21,8,9,42,36,+6,71,2012,6.38
4,Tottenham Hotspur,38,20,9,9,66,41,+25,69,2011,6.37
4,Lens,38,14,18,6,48,34,+14,60,2005,6.34
5,Leicester City,38,18,8,12,67,41,+26,62,2019,6.33
5,Leicester City,38,20,6,12,68,50,+18,66,2020,6.33
6,AS Roma,38,18,9,11,65,46,+19,63,2023,6.33
5,Villarreal,38,19,7,12,59,40,+19,64,2022,6.32
4,Borussia Monchengladbach,34,20,5,9,66,40,+26,65,2019,6.28
4,Valencia,38,22,11,5,70,32,+38,77,2014,6.28
8,Nice,38,13,16,9,35,30,+5,55,2007,6.28
13,AS Nancy Lorraine,38,13,9,16,43,48,-5,48,2010,6.28
4,Arsenal,38,24,7,7,68,41,+27,79,2013,6.25
4,Manchester United,38,20,10,8,62,37,+25,70,2014,6.25
5,Arsenal,38,21,7,10,73,51,+22,70,2018,6.23
6,SC Freiburg,34,15,10,9,58,46,+12,55,2021,6.22
7,Tottenham Hotspur,38,18,8,12,68,45,+23,62,2020,6.22
4,Lazio,38,18,8,12,56,47,+9,62,2011,6.22
5,Genoa,38,19,11,8,56,39,+17,68,2008,6.2
6,Real Zaragoza,38,16,12,10,55,43,+12,60,2006,6.19
8,Portsmouth,38,16,9,13,48,40,+8,57,2007,6.19
6,Chelsea,38,18,9,11,77,63,+14,63,2023,6.15
4,Osasuna,38,21,5,12,49,43,+6,68,2005,6.14
7,Lyon,38,18,8,12,65,47,+18,62,2022,6.12
6,AS Roma,38,18,9,11,50,38,+12,63,2022,6.11
6,AC Milan,38,19,9,10,63,46,+17,66,2019,6.09
4,Liverpool,38,21,12,5,84,38,+46,75,2017,6.08
3,AS Monaco,38,20,9,9,65,40,+25,69,2021,6.08
4,Nice,38,18,10,10,57,46,+11,64,2012,6.06
3,TSG Hoffenheim,34,15,10,9,66,48,+18,55,2017,6.03
5,Athletic Club,38,19,11,8,61,37,+24,68,2023,6.02
7,1. FC Union Berlin,34,12,14,8,50,43,+7,50,2020,6.0
7,Borussia Dortmund,34,15,10,9,47,44,+3,55,2004,5.99
6,Stade de Reims,28,10,11,7,26,21,+5,41,2019,5.98
3,Lazio,38,18,11,9,59,33,+26,62,2006,5.98
5,1. FC Union Berlin,34,16,9,9,50,44,+6,57,2021,5.96
6,AS Monaco,38,19,8,11,70,58,+12,65,2022,5.96
4,Fiorentina,38,21,5,12,53,38,+15,68,2008,5.95
4,Chelsea,38,20,6,12,69,54,+15,66,2019,5.93
4,Borussia Dortmund,34,15,10,9,64,47,+17,55,2017,5.92
8,Borussia Monchengladbach,34,13,10,11,64,56,+8,49,2020,5.92
5,Real Betis,38,19,8,11,62,40,+22,65,2021,5.91
4,Saint-Etienne,38,19,9,10,59,41,+18,66,2018,5.89
6,West Ham United,38,19,8,11,62,47,+15,65,2020,5.88
15,Caen,38,11,13,14,46,51,-5,46,2010,5.85
4,Atalanta,38,21,9,8,62,41,+21,72,2016,5.85
6,Saint-Etienne,38,12,17,9,47,34,+13,53,2004,5.84
4,Atlético Madrid,38,20,7,11,80,57,+23,67,2008,5.83
7,Blackburn Rovers,38,15,13,10,50,48,+2,58,2007,5.83
4,Borussia Monchengladbach,34,17,9,8,49,24,+25,60,2011,5.82
5,AC Milan,38,18,10,10,66,38,+28,64,2007,5.81
5,Lazio,38,21,7,10,74,51,+23,70,2016,5.81
4,Bayer Leverkusen,34,17,10,7,62,37,+25,61,2014,5.8
5,Fiorentina,38,21,10,7,62,31,+31,58,2006,5.78
8,Lazio,38,17,8,13,56,46,+10,59,2018,5.77
6,AJ Auxerre,38,17,8,13,50,39,+11,59,2005,5.76
4,Tottenham Hotspur,38,21,7,10,67,41,+26,70,2009,5.74
6,Blackburn Rovers,38,19,6,13,51,42,+9,63,2005,5.72
3,Tottenham Hotspur,38,23,8,7,74,36,+38,77,2017,5.72
5,Mainz,34,18,4,12,52,39,+13,58,2010,5.7
5,Nice,28,11,8,9,41,38,+3,41,2019,5.7
5,Marseille,38,16,12,10,44,35,+9,60,2005,5.68
4,Sevilla,38,21,9,8,69,49,+20,72,2016,5.67
4,Juventus,38,20,10,8,57,37,+20,70,2021,5.67
4,Schalke 04,34,16,13,5,47,31,+16,61,2005,5.66
5,Tottenham Hotspur,38,21,9,8,66,46,+20,72,2012,5.66
3,VfB Stuttgart,34,19,7,8,63,43,+20,64,2008,5.64
5,Liverpool,38,19,10,9,75,47,+28,67,2022,5.6
5,Bayer Leverkusen,34,15,10,9,58,44,+14,55,2017,5.59
16,Brest,38,11,13,14,36,43,-7,46,2010,5.59
8,Hamburg SV,34,16,3,15,55,50,+5,51,2004,5.58
8,Fiorentina,38,17,9,12,61,46,+15,60,2023,5.58
4,Arsenal,38,20,12,6,68,37,+31,72,2008,5.57
5,Manchester City,38,18,13,7,73,45,+28,67,2009,5.57
5,Sochaux,38,18,9,11,54,42,+12,63,2003,5.57
8,Internazionale,38,14,13,11,59,48,+11,55,2014,5.57
7,Atlético Madrid,38,17,9,12,46,39,+7,60,2006,5.54
18,AS Monaco,38,9,17,12,36,40,-4,44,2010,5.53
4,Athletic Club,38,20,10,8,66,39,+27,70,2013,5.51
5,Arsenal,38,22,3,13,61,48,+13,69,2021,5.5
6,Sevilla,38,15,10,13,56,45,+11,55,2003,5.49
3,Nice,38,22,12,4,63,36,+27,78,2016,5.48
5,Villarreal,38,18,8,12,48,44,+4,62,2006,5.47
3,Atlético Madrid,38,23,7,8,65,31,+34,76,2012,5.47
6,AS Roma,38,18,9,11,59,52,+7,63,2010,5.44
8,Arsenal,38,18,7,13,55,39,+16,61,2020,5.43
6,Stade Rennais,38,16,10,12,52,40,+12,58,2020,5.43
3,Sevilla,38,21,7,10,54,39,+15,70,2008,5.42
4,Stade Rennais,38,15,10,13,49,42,+7,55,2004,5.42
4,Stade Rennais,38,14,15,9,38,30,+8,57,2006,5.42
10,Chelsea,38,12,14,12,59,53,+6,50,2015,5.4
7,Lorient,38,16,10,12,54,42,+12,58,2009,5.35
5,Villarreal,38,19,10,9,56,33,+23,67,2016,5.34
3,Manchester United,38,23,6,9,58,43,+15,75,2022,5.33
4,AC Milan,38,19,12,7,57,36,+21,61,2006,5.32
8,Catania,38,15,11,12,50,46,+4,56,2012,5.32
5,Sevilla,38,23,7,8,71,45,+26,76,2014,5.3
12,Bordeaux,28,9,10,9,40,34,+6,37,2019,5.28
7,Lazio,38,18,7,13,49,39,+10,61,2023,5.27
14,Montpellier,38,12,11,15,32,43,-11,47,2010,5.25
5,Marseille,38,16,12,10,54,47,+7,60,2020,5.25
4,1. FC Union Berlin,34,18,8,8,51,38,+13,62,2022,5.24
7,Villarreal,38,16,11,11,63,37,+26,59,2021,5.24
7,Villarreal,38,14,15,9,50,39,+11,57,2005,5.23
8,Montpellier,28,11,7,10,35,34,+1,40,2019,5.23
4,Valencia,38,15,16,7,51,35,+16,61,2018,5.22
5,Lyon,38,17,10,11,56,44,+12,61,2013,5.22
6,Marseille,38,16,12,10,53,40,+13,60,2013,5.19
7,Sampdoria,38,13,17,8,48,42,+6,56,2014,5.19
6,Borussia Dortmund,34,15,14,5,60,37,+23,59,2008,5.18
6,Napoli,38,15,14,9,50,43,+7,59,2009,5.18
4,Real Betis,38,16,14,8,62,50,+12,62,2004,5.17
5,Bayer Leverkusen,34,19,6,9,61,44,+17,63,2019,5.16
6,Chelsea,38,18,10,10,65,46,+19,64,2011,5.16
6,Manchester United,38,18,15,5,54,29,+25,69,2016,5.16
7,Juventus,38,15,13,10,57,47,+10,58,2010,5.14
5,Borussia Dortmund,34,16,9,9,54,42,+12,57,2009,5.13
4,Sevilla,38,24,5,9,53,33,+20,77,2020,5.11
4,Bayer Leverkusen,34,18,4,12,69,52,+17,58,2018,5.1
5,Marseille,38,15,10,13,47,42,+5,55,2004,5.1
9,AS Monaco,28,11,7,10,44,44,0,40,2019,5.09
7,Napoli,38,18,8,12,61,50,+11,62,2019,5.08
6,Nantes,38,17,9,12,47,35,+12,60,2003,5.06
7,Liverpool,38,16,13,9,71,43,+28,61,2012,5.05
5,Lens,38,15,12,11,47,41,+6,57,2006,5.04
5,Fiorentina,38,18,10,10,60,42,+18,64,2015,5.04
3,Valencia,38,21,8,9,64,44,+20,71,2010,5.02
5,Everton,38,21,9,8,61,39,+22,72,2013,5.01
9,Nice,38,15,13,10,48,37,+11,58,2022,5.01
13,Marseille,38,10,18,10,48,42,+6,48,2015,4.99
8,Fiorentina,38,15,11,12,53,43,+10,56,2022,4.99
6,Racing Santander,38,17,9,12,42,41,+1,60,2007,4.98
4,Liverpool,38,16,12,10,55,37,+18,60,2003,4.98
7,Liverpool,38,18,9,11,61,35,+26,63,2009,4.97
9,Angers,38,13,11,14,40,38,+2,50,2015,4.97
7,FC Cologne,34,14,10,10,52,49,+3,52,2021,4.96
7,AS Roma,38,16,8,14,60,54,+6,56,2011,4.96
6,Manchester United,38,19,9,10,65,54,+11,66,2018,4.95
6,Tottenham Hotspur,38,16,11,11,61,47,+14,59,2019,4.95
7,Internazionale,38,19,5,14,72,49,+23,62,2016,4.93
7,Udinese,34,13,11,10,44,40,+4,50,2003,4.92
4,Hannover 96,34,19,3,12,49,45,+4,60,2010,4.91
8,Stade Rennais,38,13,13,12,52,54,-2,52,2015,4.91
5,Nice,34,15,10,9,40,29,+11,55,2023,4.91
4,Internazionale,38,20,7,11,50,38,+12,67,2015,4.9
7,Valencia,38,14,16,8,54,39,+15,58,2004,4.89
9,Sampdoria,38,15,8,15,60,51,+9,53,2018,4.89
6,Internazionale,38,17,7,14,58,55,+3,58,2011,4.88
5,Nice,38,20,7,11,52,36,+16,66,2021,4.84
8,Nice,38,16,10,12,36,31,+5,58,2005,4.83
12,Montpellier,38,14,7,17,49,47,+2,49,2015,4.82
5,Lazio,38,18,10,10,77,58,+19,64,2021,4.82
8,Bolton Wanderers,38,15,11,12,49,41,+8,56,2005,4.81
4,Fiorentina,38,19,9,10,55,39,+16,66,2007,4.78
9,Le Mans,38,14,11,13,46,49,-3,53,2007,4.77
6,Sevilla,38,17,8,13,62,47,+15,59,2018,4.76
7,Newcastle United,38,17,7,14,47,42,+5,58,2005,4.75
11,Everton,38,11,14,13,59,55,+4,47,2015,4.75
8,Manchester United,38,18,6,14,57,58,-1,60,2023,4.74
5,VfL Bochum,34,15,11,8,57,39,+18,56,2003,4.73
7,Wolverhampton Wanderers,38,15,14,9,51,40,+11,59,2019,4.72
10,Strasbourg,27,11,5,11,32,32,0,38,2019,4.72
4,Fiorentina,38,19,8,11,65,44,+21,65,2013,4.72
9,Manchester City,38,15,10,13,45,53,-8,55,2007,4.71
9,VfB Stuttgart,34,12,9,13,56,55,+1,45,2020,4.7
5,Athletic Club,38,15,11,12,53,49,+4,56,2003,4.68
5,Villarreal,38,18,6,14,63,49,+14,60,2019,4.68
7,Hamburg SV,34,13,13,8,56,41,+15,52,2009,4.67
6,Bordeaux,38,16,9,13,39,35,+4,57,2006,4.67
10,AC Milan,38,13,13,12,56,50,+6,52,2014,4.65
3,Schalke 04,34,19,7,8,63,43,+20,64,2013,4.64
3,Bayer Leverkusen,34,18,6,10,56,40,+16,60,2015,4.63
5,Villarreal,38,18,7,13,57,50,+7,61,2017,4.63
10,SC Freiburg,34,12,9,13,52,52,0,45,2020,4.62
9,Torino,38,14,12,12,48,45,+3,54,2014,4.62
6,VfB Stuttgart,34,15,10,9,51,41,+10,55,2009,4.61
10,Lorient,38,12,16,10,32,35,-3,52,2007,4.61
7,Lens,38,13,13,12,45,39,+6,52,2004,4.6
4,Lyon,38,19,7,12,64,51,+13,64,2011,4.58
5,Espanyol,38,17,10,11,54,46,+8,61,2004,4.57
4,Hamburg SV,34,14,12,8,47,26,+21,54,2007,4.56
11,Tottenham Hotspur,38,11,13,14,66,61,+5,46,2007,4.56
5,Getafe,38,15,14,9,48,35,+13,59,2018,4.55
17,Nice,38,11,13,14,33,48,-15,46,2010,4.55
9,Internazionale,38,16,6,16,55,57,-2,54,2012,4.53
6,Strasbourg,38,17,12,9,60,43,+17,63,2021,4.51
9,Stade Rennais,38,14,11,13,52,41,+11,53,2009,4.5
6,AS Roma,38,18,9,11,59,43,+16,63,2021,4.48
9,Leeds United,38,18,5,15,62,54,+8,59,2020,4.46
8,AJ Auxerre,38,16,7,15,35,35,0,55,2008,4.46
6,AC Milan,38,18,10,10,56,42,+14,64,2017,4.42
5,Borussia Monchengladbach,34,16,7,11,55,42,+13,55,2018,4.4
7,Southampton,38,18,6,14,54,33,+21,60,2014,4.4
9,VfL Wolfsburg,34,15,3,16,49,51,-2,48,2004,4.39
8,Parma,38,15,11,12,54,53,+1,56,2011,4.39
6,VfL Wolfsburg,34,16,7,11,62,50,+12,55,2018,4.33
7,Lens,38,15,12,11,55,54,+1,57,2020,4.33
6,Lazio,38,21,5,12,61,55,+6,68,2020,4.32
6,Real Betis,38,17,9,12,46,41,+5,60,2022,4.29
9,TSG Hoffenheim,34,13,12,9,70,52,+18,51,2018,4.28
3,Toulouse,38,17,7,14,44,43,+1,58,2006,4.28
10,Bastia,38,14,8,16,36,42,-6,50,2015,4.28
4,Lyon,38,21,4,13,77,48,+29,67,2016,4.28
5,Marseille,38,18,7,13,60,52,+8,61,2018,4.28
6,Montpellier,38,15,14,9,53,42,+11,59,2018,4.28
5,Internazionale,38,15,15,8,62,39,+23,60,2013,4.28
6,Brighton & Hove Albion,38,18,8,12,72,53,+19,62,2022,4.27
7,Atalanta,38,16,12,10,57,39,+18,60,2017,4.26
8,Mainz,34,13,7,14,50,45,+5,46,2021,4.25
11,Angers,28,11,6,11,28,33,-5,39,2019,4.24
9,Bologna,38,14,12,12,53,49,+4,54,2022,4.24
6,Liverpool,38,17,7,14,59,44,+15,58,2010,4.23
7,Stade Rennais,38,18,5,15,48,49,-1,59,2005,4.22
6,AC Milan,38,18,9,11,57,45,+12,63,2016,4.22
4,Bayer Leverkusen,34,19,4,11,60,41,+19,61,2013,4.21
6,RB Leipzig,34,15,8,11,57,53,+4,53,2017,4.21
7,Eintracht Frankfurt,34,15,9,10,60,48,+12,54,2018,4.21
5,SC Freiburg,34,17,8,9,51,44,+7,59,2022,4.2
5,Tottenham Hotspur,38,16,14,8,55,46,+9,62,2010,4.2
11,Bordeaux,38,12,14,12,50,57,-7,50,2015,4.2
6,Valencia,38,18,8,12,68,54,+14,62,2008,4.19
11,Caen,38,13,12,13,48,53,-5,51,2007,4.19
11,TSG Hoffenheim,34,11,10,13,52,54,-2,43,2020,4.18
13,Nantes,28,11,4,13,28,31,-3,37,2019,4.17
10,Atlético Madrid,38,13,13,12,45,37,+8,52,2005,4.16
6,Everton,38,16,15,7,55,40,+15,63,2012,4.15
8,Arsenal,38,14,14,10,56,48,+8,56,2019,4.14
7,Lens,38,17,11,10,62,48,+14,62,2021,4.14
6,VfB Stuttgart,34,15,8,11,63,46,+17,53,2011,4.13
7,Caen,38,16,6,16,39,52,-13,54,2015,4.13
5,Bayer Leverkusen,34,14,10,10,64,49,+15,52,2005,4.12
9,Getafe,38,15,9,14,54,49,+5,54,2005,4.12
6,Aston Villa,38,17,13,8,52,39,+13,64,2009,4.12
8,Marseille,34,13,11,10,52,41,+11,50,2023,4.12
10,Napoli,38,13,14,11,55,48,+7,53,2023,4.12
8,Getafe,38,15,10,13,42,33,+9,55,2017,4.11
9,Getafe,38,14,10,14,39,33,+6,52,2006,4.1
6,Real Sociedad,38,16,12,10,51,39,+12,60,2023,4.1
5,Newcastle United,38,19,8,11,56,51,+5,65,2011,4.1
8,Lyon,38,17,11,10,66,51,+15,61,2021,4.09
7,Athletic Club,38,19,6,13,53,43,+10,63,2016,4.08
10,West Ham United,38,13,10,15,42,50,-8,49,2007,4.08
7,AS Roma,38,18,8,12,68,58,+10,62,2020,4.08
6,1. FC Nürnberg,34,11,15,8,43,32,+11,48,2006,4.07
4,Borussia Monchengladbach,34,17,4,13,67,50,+17,55,2015,4.07
11,Aston Villa,38,16,7,15,55,46,+9,55,2020,4.06
8,Atalanta,38,16,11,11,65,48,+17,59,2021,4.06
7,Udinese,38,16,10,12,61,50,+11,58,2008,4.05
5,Bordeaux,38,16,13,9,53,41,+12,61,2011,4.03
7,Manchester United,38,19,7,12,64,43,+21,64,2013,4.02
8,Recreativo Huelva,38,15,9,14,54,52,+2,54,2006,4.01
13,Valenciennes,38,12,9,17,42,40,+2,45,2007,4.01
4,Hertha Berlin,34,19,6,9,48,41,+7,63,2008,4.0
5,Sevilla,38,18,9,11,69,52,+17,63,2013,4.0
7,Bordeaux,38,13,16,9,40,34,+6,55,2012,4.0
7,Lens,34,14,9,11,45,37,+8,51,2023,4.0
10,Hannover 96,34,13,6,15,34,36,-2,45,2004,3.97
9,Real Betis,38,13,13,12,46,43,+3,52,2003,3.96
7,Marseille,38,17,6,15,51,45,+6,57,2003,3.96
9,Paris Saint-Germain,38,13,13,12,44,38,+6,52,2005,3.96
10,AS Monaco,38,13,13,12,42,36,+6,52,2005,3.96
4,Udinese,38,17,11,10,56,40,+16,62,2004,3.96
8,Sassuolo,38,17,11,10,64,56,+8,62,2020,3.94
6,Sassuolo,38,16,13,9,49,40,+9,61,2015,3.93
8,Deportivo La Coruña,38,15,10,13,47,45,+2,55,2005,3.92
5,Villarreal,38,18,11,9,61,54,+7,65,2008,3.92
3,Valencia,38,21,8,9,59,40,+19,71,2009,3.92
5,Chelsea,38,21,7,10,62,38,+24,70,2017,3.92
9,AS Monaco,38,13,12,13,45,38,+7,51,2006,3.92
6,Real Sociedad,38,19,7,12,59,53,+6,64,2016,3.91
8,Clermont Foot,38,17,8,13,45,49,-4,59,2022,3.91
8,Sampdoria,34,11,13,10,40,42,-2,46,2003,3.91
10,Parma,38,13,10,15,45,46,-1,49,2012,3.91
6,Real Betis,38,18,6,14,60,61,-1,60,2017,3.9
8,AJ Auxerre,38,14,10,14,48,47,+1,52,2004,3.9
6,AS Roma,38,18,9,11,64,61,+3,63,2008,3.89
6,Sevilla,38,17,9,12,44,41,+3,60,2004,3.88
10,Torino,38,14,11,13,42,41,+1,53,2022,3.88
8,Werder Bremen,34,14,11,9,58,49,+9,53,2018,3.87
6,Everton,38,15,13,10,52,36,+16,58,2006,3.87
6,Borussia Dortmund,34,16,7,11,59,48,+11,55,2003,3.86
5,Bayer Leverkusen,34,15,6,13,54,49,+5,51,2006,3.83
7,Everton,38,17,10,11,62,44,+18,61,2016,3.83
5,Newcastle United,38,13,17,8,52,40,+12,56,2003,3.82
7,West Ham United,38,16,8,14,60,51,+9,56,2021,3.8
7,Fiorentina,38,19,5,14,59,51,+8,62,2021,3.79
10,Lorient,38,15,10,13,52,53,-1,55,2022,3.76
9,Chievo Verona,34,11,11,12,36,37,-1,44,2003,3.76
9,TSG Hoffenheim,34,13,7,14,58,60,-2,46,2021,3.75
8,Montpellier,38,14,12,12,60,62,-2,54,2020,3.74
7,TSG Hoffenheim,34,15,10,9,63,49,+14,55,2008,3.73
8,Everton,38,16,13,9,60,49,+11,61,2009,3.72
7,Atlético Madrid,38,15,10,13,51,53,-2,55,2003,3.71
9,West Ham United,38,16,7,15,52,55,-3,55,2005,3.71
9,Stade Rennais,38,14,10,14,56,44,+12,52,2003,3.71
7,Bayer Leverkusen,34,15,6,13,57,40,+17,51,2007,3.69
10,Everton,38,17,8,13,47,48,-1,59,2020,3.69
5,VfL Wolfsburg,34,15,9,10,58,46,+12,54,2007,3.68
9,Deportivo La Coruña,38,15,7,16,46,47,-1,52,2007,3.67
14,Brest,28,8,10,10,34,37,-3,34,2019,3.67
7,Juventus,38,16,7,15,55,56,-1,55,2009,3.65
5,VfL Wolfsburg,34,18,6,10,63,50,+13,60,2013,3.63
7,Bordeaux,38,13,14,11,49,43,+6,53,2013,3.63
9,Nice,38,13,11,14,40,41,-1,50,2008,3.62
14,Nantes,38,12,12,14,33,44,-11,48,2015,3.62
6,Palermo,38,16,10,12,58,51,+7,58,2006,3.62
6,Real Sociedad,38,16,8,14,56,48,+8,56,2019,3.61
6,Real Sociedad,38,17,11,10,40,37,+3,62,2021,3.61
8,Everton,38,15,9,14,54,46,+8,54,2018,3.61
9,Torino,38,13,14,11,36,36,0,53,2023,3.61
9,Fiorentina,38,12,15,11,49,44,+5,51,2010,3.6
5,Real Sociedad,38,17,11,10,59,38,+21,62,2020,3.59
8,Villarreal,38,15,9,14,47,49,-2,54,2003,3.58
9,Stoke City,38,14,9,15,41,55,-14,51,2015,3.58
10,Crystal Palace,38,13,10,15,57,58,-1,49,2023,3.58
6,Stade Rennais,38,17,9,12,53,44,+9,60,2011,3.58
6,Bordeaux,38,17,12,9,47,44,+3,63,2014,3.57
8,Palermo,38,17,6,15,57,50,+7,57,2008,3.56
5,Bayer Leverkusen,34,15,9,10,52,44,+8,54,2011,3.55
7,VfB Stuttgart,34,15,6,13,36,36,0,51,2017,3.55
7,Sochaux,38,15,12,11,46,48,-2,57,2006,3.55
11,Palermo,38,12,13,13,53,55,-2,49,2014,3.55
4,Schalke 04,34,16,7,11,58,50,+8,55,2012,3.54
6,Villarreal,38,17,8,13,60,44,+16,59,2013,3.53
7,Everton,38,15,11,12,50,40,+10,56,2011,3.53
10,Sochaux,38,13,11,14,42,41,+1,50,2004,3.53
8,Fiorentina,38,16,12,10,63,57,+6,60,2016,3.53
8,VfL Wolfsburg,34,14,8,12,64,58,+6,50,2009,3.52
7,Granada,38,16,8,14,52,45,+7,56,2019,3.52
12,Swansea City,38,12,11,15,42,52,-10,47,2015,3.52
12,Montpellier,38,15,5,18,65,62,+3,50,2022,3.52
6,Manchester United,38,16,10,12,57,57,0,58,2021,3.51
8,Almería,38,14,10,14,42,45,-3,52,2007,3.49
5,Sampdoria,38,17,10,11,42,29,+13,61,2004,3.49
8,Sassuolo,38,14,9,15,69,63,+6,51,2019,3.47
5,Tottenham Hotspur,38,19,7,12,58,53,+5,64,2014,3.46
7,Wolverhampton Wanderers,38,16,9,13,47,46,+1,57,2018,3.46
9,Bologna,38,13,12,13,41,43,-2,51,2011,3.46
5,Everton,38,17,12,9,55,37,+18,63,2008,3.45
9,Brentford,38,15,14,9,58,46,+12,59,2022,3.45
9,Paris Saint-Germain,38,12,15,11,40,41,-1,51,2004,3.45
9,Nice,38,15,7,16,50,53,-3,52,2020,3.45
11,Mainz,34,12,7,15,50,55,-5,43,2004,3.43
6,Tottenham Hotspur,38,21,6,11,55,51,+4,69,2013,3.43
8,AJ Auxerre,38,13,15,10,41,41,0,54,2006,3.43
11,Stade de Reims,38,12,15,11,45,45,0,51,2022,3.43
6,Sampdoria,38,17,9,12,56,46,+10,60,2007,3.43
15,Lorient,38,11,13,14,47,58,-11,46,2015,3.39
11,Monza,38,14,10,14,48,52,-4,52,2022,3.39
8,Fiorentina,38,16,9,13,54,46,+8,57,2017,3.38
9,Sheffield United,38,14,12,12,39,39,0,54,2019,3.37
4,Real Sociedad,38,18,12,8,70,49,+21,66,2012,3.34
6,Borussia Monchengladbach,34,16,7,11,59,43,+16,55,2013,3.33
6,Parma,38,15,13,10,58,46,+12,58,2013,3.33
8,Eintracht Frankfurt,34,14,7,13,45,45,0,49,2017,3.31
3,Valencia,38,17,10,11,59,44,+15,61,2011,3.31
12,Real Sociedad,38,14,7,17,66,59,+7,49,2017,3.31
13,Watford,38,12,9,17,40,50,-10,45,2015,3.29
16,Guingamp,38,11,11,16,47,56,-9,44,2015,3.29
9,Fiorentina,38,22,8,8,66,41,+25,44,2005,3.29
10,Borussia Monchengladbach,34,12,9,13,54,61,-7,45,2021,3.28
9,Montpellier,38,15,7,16,54,51,+3,52,2012,3.27
7,AC Milan,38,15,12,11,49,43,+6,57,2015,3.27
12,AS Monaco,38,13,8,17,40,48,-8,47,2007,3.25
5,Hamburg SV,34,19,4,11,49,47,+2,61,2008,3.24
6,Aston Villa,38,15,11,12,48,44,+4,56,2003,3.24
13,Middlesbrough,38,10,12,16,43,53,-10,42,2007,3.24
10,Valenciennes,38,14,10,14,50,50,0,52,2009,3.24
11,Athletic Club,38,13,11,14,40,43,-3,50,2007,3.23
4,Villarreal,38,18,8,12,54,44,+10,62,2010,3.23
5,FC Cologne,34,12,13,9,51,42,+9,49,2016,3.22
8,Getafe,38,14,12,12,43,37,+6,54,2019,3.22
11,Genoa,38,12,13,13,45,45,0,49,2023,3.22
8,Tottenham Hotspur,38,18,6,14,70,63,+7,60,2022,3.19
7,Montpellier,38,16,8,14,46,39,+7,56,2014,3.19
6,Liverpool,38,18,8,12,52,48,+4,62,2014,3.18
6,Arsenal,38,19,6,13,74,51,+23,63,2017,3.18
10,Stade Rennais,34,12,10,12,53,46,+7,46,2023,3.18
11,Brighton & Hove Albion,38,12,12,14,55,62,-7,48,2023,3.17
13,Osasuna,38,11,15,12,38,37,+1,48,2003,3.16
7,Real Betis,38,14,15,9,48,45,+3,57,2023,3.16
9,Leicester City,38,15,7,16,51,48,+3,52,2018,3.16
9,West Ham United,38,14,10,14,60,74,-14,52,2023,3.16
5,Stade Rennais,38,16,10,12,50,44,+6,58,2017,3.15
8,Athletic Club,38,14,9,15,47,43,+4,51,2022,3.14
7,Aston Villa,38,18,7,13,51,46,+5,61,2022,3.14
15,Metz,28,8,10,10,27,35,-8,34,2019,3.13
7,Sevilla,38,17,7,14,49,58,-9,58,2017,3.12
5,Liverpool,38,17,7,14,52,41,+11,58,2004,3.12
13,Fulham,38,13,8,17,55,61,-6,47,2023,3.12
11,Eintracht Frankfurt,34,10,12,12,45,49,-4,42,2021,3.11
8,Athletic Club,38,14,13,11,43,36,+7,55,2021,3.11
7,Torino,38,15,12,11,58,48,+10,57,2013,3.1
9,Torino,38,13,15,10,54,46,+8,54,2017,3.1
10,Fiorentina,38,12,13,13,51,48,+3,49,2019,3.09
8,Leicester City,38,14,10,14,62,59,+3,52,2021,3.08
11,Le Mans,38,13,13,12,33,36,-3,52,2005,3.07
10,Bari,38,13,11,14,49,49,0,50,2009,3.06
7,Hamburg SV,34,10,15,9,43,37,+6,45,2006,3.05
6,Bayer Leverkusen,34,14,8,12,57,49,+8,50,2022,3.05
6,Eintracht Frankfurt,34,11,14,9,51,50,+1,47,2023,3.05
4,Chievo Verona,38,13,15,10,54,49,+5,54,2005,3.05
10,Lille,38,13,11,14,45,43,+2,50,2006,3.04
13,Paris Saint-Germain,38,12,11,15,50,46,+4,47,2009,3.04
10,Toulouse,38,13,12,13,49,47,+2,51,2012,3.04
6,Villarreal,38,16,12,10,48,37,+11,60,2014,3.03
8,Palermo,38,17,5,16,58,63,-5,56,2010,3.03
12,Sassuolo,38,12,13,13,49,57,-8,49,2014,3.03
10,Wigan Athletic,38,15,6,17,45,52,-7,51,2005,3.02
11,Brescia,34,9,13,12,52,57,-5,40,2003,3.02
8,Lorient,38,14,11,13,57,58,-1,53,2012,3.01
7,Real Sociedad,38,16,11,11,62,55,+7,59,2013,2.99
10,Eibar,38,15,9,14,56,51,+5,54,2016,2.99
12,Kaiserslautern,34,12,6,16,43,52,-9,42,2004,2.98
8,VfL Wolfsburg,34,13,10,11,57,48,+9,49,2022,2.98
9,Athletic Club,38,14,9,15,59,54,+5,51,2004,2.98
5,Tottenham Hotspur,38,17,9,12,57,54,+3,60,2006,2.98
8,AC Milan,38,16,9,13,57,49,+8,57,2013,2.98
12,Udinese,38,11,13,14,47,48,-1,46,2022,2.98
10,Lorient,38,10,15,13,47,47,0,45,2008,2.97
11,Atlético Madrid,38,13,11,14,40,34,+6,50,2004,2.93
11,Strasbourg,38,12,12,14,42,43,-1,48,2004,2.93
11,Strasbourg,38,11,16,11,58,48,+10,49,2018,2.93
11,Cagliari,38,12,11,15,43,55,-12,47,2012,2.93
13,Bologna,38,11,11,16,46,52,-6,44,2012,2.93
7,Schalke 04,34,13,11,10,49,42,+7,50,2003,2.92
8,Schalke 04,34,14,8,12,47,35,+12,50,2008,2.92
5,SC Freiburg,34,14,9,11,45,40,+5,51,2012,2.92
7,Eintracht Frankfurt,34,13,11,10,58,52,+6,50,2022,2.92
4,Sevilla,38,19,6,13,65,49,+16,63,2009,2.92
16,Fiorentina,38,8,17,13,47,45,+2,41,2018,2.92
8,Liverpool,38,14,10,14,47,40,+7,52,2011,2.91
7,TSG Hoffenheim,34,13,7,14,66,66,0,46,2023,2.9
10,Burnley,38,15,9,14,43,50,-7,54,2019,2.9
8,AS Monaco,38,15,10,13,39,45,-6,55,2009,2.9
5,Marseille,38,17,11,10,57,41,+16,62,2016,2.9
6,Lyon,34,16,5,13,49,55,-6,53,2023,2.9
9,Torino,38,13,14,11,71,66,+5,53,2016,2.9
12,Atalanta,38,13,13,12,41,43,-2,46,2011,2.89
10,Genoa,38,14,9,15,45,47,-2,51,2010,2.88
12,AFC Bournemouth,38,13,9,16,54,67,-13,48,2023,2.87
9,Bayer Leverkusen,34,14,7,13,59,46,+13,49,2008,2.86
10,Málaga,38,15,6,17,50,55,-5,51,2003,2.86
11,Saint-Etienne,38,14,7,17,52,50,+2,49,2006,2.86
8,Parma,38,14,10,14,46,51,-5,52,2009,2.86
11,Parma,38,14,7,17,56,57,-1,49,2019,2.86
8,Espanyol,38,15,11,12,49,50,-1,56,2016,2.85
13,Celta Vigo,38,13,10,15,59,60,-1,49,2017,2.85
10,Stade Rennais,38,13,13,12,55,52,+3,52,2018,2.85
10,Metz,38,12,11,15,44,48,-4,47,2020,2.85
11,Catania,38,11,15,12,47,52,-5,48,2011,2.85
10,Girona,38,13,10,15,58,55,+3,49,2022,2.84
9,Genoa,38,14,9,15,57,61,-4,51,2009,2.84
7,Everton,38,13,15,10,51,45,+6,54,2010,2.83
10,West Ham United,38,15,7,16,52,55,-3,52,2018,2.83
14,Osasuna,38,13,7,18,51,49,+2,46,2006,2.82
9,Fulham,38,14,10,14,52,46,+6,52,2003,2.82
9,Nantes,38,15,10,13,55,48,+7,55,2021,2.82
7,Villarreal,38,15,13,10,60,44,+16,58,2020,2.81
6,Bordeaux,38,16,7,15,53,48,+5,55,2017,2.81
14,Siena,38,11,11,16,45,45,0,44,2011,2.81
15,Crystal Palace,38,11,9,18,39,51,-12,42,2015,2.8
12,Newcastle United,38,11,10,17,45,65,-20,43,2007,2.78
6,Eintracht Frankfurt,34,14,9,11,49,46,+3,51,2012,2.77
14,Getafe,38,12,11,15,44,48,-4,47,2007,2.77
5,Mallorca,38,18,8,12,59,44,+15,62,2009,2.77
7,Atlético Madrid,38,17,7,14,62,53,+9,58,2010,2.77
13,Toulouse,38,13,9,16,51,57,-6,48,2022,2.77
6,1. FC Nürnberg,34,13,8,13,47,45,+2,47,2010,2.76
14,West Bromwich Albion,38,10,13,15,34,48,-14,43,2015,2.76
9,Brighton & Hove Albion,38,12,15,11,42,44,-2,51,2021,2.75
14,Sochaux,38,10,14,14,34,43,-9,44,2007,2.75
17,Toulouse,38,9,15,14,36,42,-6,42,2007,2.75
17,Toulouse,38,9,13,16,45,55,-10,40,2015,2.75
8,Stade de Reims,38,13,16,9,39,42,-3,55,2018,2.75
9,Eibar,38,14,9,15,44,50,-6,51,2017,2.74
9,Hellas Verona,38,14,11,13,65,59,+6,53,2021,2.74
5,Valencia,38,19,8,11,67,54,+13,65,2012,2.73
7,Saint-Etienne,38,16,9,13,49,45,+4,57,2011,2.73
9,Alavés,38,14,13,11,41,43,-2,55,2016,2.72
6,Bolton Wanderers,38,16,10,12,49,44,+5,58,2004,2.72
12,Crystal Palace,38,11,15,12,50,46,+4,48,2021,2.72
11,Nice,38,11,17,10,42,39,+3,50,2003,2.72
12,Bologna,34,10,9,15,45,53,-8,39,2003,2.72
11,Fiorentina,38,13,8,17,48,47,+1,47,2009,2.72
16,Paris Saint-Germain,38,10,13,15,37,45,-8,43,2007,2.71
14,Toulouse,38,12,11,15,36,36,0,47,2009,2.7
12,VfL Wolfsburg,34,12,6,16,43,54,-11,42,2021,2.69
10,Racing Santander,38,12,14,12,42,48,-6,50,2006,2.69
8,Lille,38,16,8,14,43,42,+1,56,2014,2.69
7,Nice,38,15,11,12,30,35,-5,56,2018,2.69
9,Nimes,38,15,8,15,57,58,-1,53,2018,2.69
9,Hellas Verona,38,12,13,13,47,51,-4,49,2019,2.69
12,Mainz,34,10,9,15,39,56,-17,39,2020,2.68
8,Reading,38,16,7,15,52,47,+5,55,2006,2.68
14,Wigan Athletic,38,10,10,18,34,51,-17,40,2007,2.68
6,TSG Hoffenheim,34,15,7,12,53,53,0,52,2019,2.67
11,Athletic Club,38,13,12,13,41,38,+3,51,2019,2.67
11,AS Monaco,38,11,12,15,41,45,-4,45,2008,2.66
9,Borussia Monchengladbach,34,13,8,13,47,52,-5,47,2017,2.65
7,Osasuna,38,15,8,15,37,42,-5,53,2022,2.65
12,Crystal Palace,38,14,7,17,51,53,-2,49,2018,2.65
10,Bologna,38,11,11,16,48,56,-8,44,2018,2.65
12,AS Nancy Lorraine,38,12,12,14,35,37,-2,48,2005,2.64
6,Hertha Berlin,34,12,12,10,52,48,+4,48,2005,2.63
13,Real Betis,38,12,11,15,45,51,-6,47,2007,2.63
7,Deportivo La Coruña,38,16,10,12,48,47,+1,58,2008,2.63
8,Villarreal,38,14,11,13,65,65,0,53,2023,2.63
10,Lille,38,14,9,15,41,41,0,51,2003,2.62
10,Wolverhampton Wanderers,38,15,6,17,38,43,-5,51,2021,2.61
11,Sassuolo,38,9,16,13,53,60,-7,43,2018,2.61
11,Southampton,38,15,7,16,51,60,-9,52,2019,2.6
14,Wolverhampton Wanderers,38,13,7,18,50,65,-15,46,2023,2.6
12,Mallorca,38,14,7,17,41,47,-6,49,2006,2.58
4,Everton,38,18,7,13,45,46,-1,61,2004,2.58
14,Sampdoria,38,11,10,17,43,51,-8,42,2012,2.58
14,1. FC Nürnberg,34,10,8,16,55,63,-8,38,2004,2.57
11,Espanyol,38,12,13,13,36,42,-6,49,2017,2.57
7,Charlton Athletic,38,14,11,13,51,51,0,53,2003,2.57
10,Lecce,34,11,8,15,43,56,-13,41,2003,2.57
8,Lazio,38,15,9,14,52,52,0,54,2015,2.57
7,VfL Wolfsburg,34,13,10,11,48,46,+2,49,2019,2.56
10,Girona,38,14,9,15,50,59,-9,51,2017,2.56
13,Fiorentina,38,11,13,14,37,43,-6,46,2011,2.56
5,Schalke 04,34,15,7,12,51,49,+2,52,2015,2.55
12,Fulham,38,14,6,18,48,58,-10,48,2005,2.55
14,Hertha Berlin,34,8,11,15,41,52,-11,35,2020,2.54
7,Middlesbrough,38,14,13,11,53,46,+7,55,2004,2.54
6,Aston Villa,38,17,11,10,54,48,+6,62,2008,2.54
12,Stade Rennais,38,11,13,14,47,45,+2,46,2013,2.54
7,Empoli,38,14,12,12,42,43,-1,54,2006,2.54
8,Toulouse,38,15,11,12,37,34,+3,56,2011,2.53
12,Chievo Verona,38,12,9,17,37,52,-15,45,2012,2.53
13,Arminia Bielefeld,34,11,7,16,37,49,-12,40,2004,2.52
6,Mainz,34,14,8,12,46,42,+4,50,2015,2.51
5,Athletic Club,38,18,8,12,58,45,+13,62,2015,2.51
13,VfL Bochum,34,12,6,16,38,52,-14,42,2021,2.5
8,Southampton,38,15,11,12,54,46,+8,56,2013,2.5
11,Espanyol,38,12,13,13,46,53,-7,49,2006,2.49
15,Manchester City,38,13,4,21,43,48,-5,43,2005,2.49
12,Le Mans,38,11,16,11,45,46,-1,49,2006,2.49
8,Nice,38,15,9,14,53,52,+1,54,2017,2.49
10,Chievo Verona,38,12,13,13,35,45,-10,49,2011,2.49
15,Empoli,38,8,18,12,46,52,-6,42,2014,2.48
10,Sampdoria,38,16,6,16,56,60,-4,54,2017,2.48
9,Sampdoria,38,15,7,16,52,54,-2,52,2020,2.48
11,Watford,38,14,8,16,52,59,-7,50,2018,2.47
6,Athletic Club,38,18,4,16,59,55,+4,58,2010,2.46
11,Lens,38,12,12,14,40,44,-4,48,2009,2.46
18,Stade de Reims,38,10,9,19,44,57,-13,39,2015,2.46
12,Espanyol,38,13,9,16,43,53,-10,48,2007,2.45
4,Villarreal,38,18,10,10,44,35,+9,64,2015,2.45
15,Paris Saint-Germain,38,12,12,14,42,42,0,48,2006,2.45
10,Valencia,38,15,6,17,48,62,-14,51,2007,2.44
9,Portsmouth,38,14,12,12,45,42,+3,54,2006,2.44
9,Cagliari,38,15,8,15,49,50,-1,53,2008,2.44
8,SC Freiburg,34,13,9,12,48,47,+1,48,2019,2.41
10,Werder Bremen,34,12,9,13,64,50,+14,45,2008,2.4
15,Real Sociedad,38,11,13,14,49,53,-4,46,2003,2.4
10,Lille,38,14,13,11,48,48,0,55,2021,2.4
8,Atalanta,38,12,14,12,56,54,+2,50,2006,2.4
10,Hertha Berlin,34,10,13,11,43,46,-3,43,2017,2.39
5,Atlético Madrid,38,15,11,12,53,46,+7,56,2011,2.39
16,Dijon FCO,28,7,9,12,27,37,-10,30,2019,2.39
9,Lazio,38,15,11,12,54,54,0,56,2013,2.39
10,Torino,38,13,11,14,46,41,+5,50,2021,2.39
9,Stade de Reims,34,13,8,13,42,47,-5,47,2023,2.38
16,Bolton Wanderers,38,9,10,19,36,54,-18,37,2007,2.37
11,Chievo Verona,38,11,13,14,38,40,-2,46,2010,2.37
8,VfL Bochum,34,13,6,15,49,50,-1,45,2006,2.36
17,Sunderland,38,9,12,17,48,62,-14,39,2015,2.35
9,Stoke City,38,15,9,14,48,45,+3,54,2014,2.34
7,Saint-Etienne,38,15,10,13,47,50,-3,55,2017,2.34
5,Palermo,38,13,13,12,50,52,-2,52,2005,2.34
6,VfB Stuttgart,34,16,4,14,57,57,0,52,2007,2.33
7,Espanyol,38,14,11,13,48,50,-2,53,2018,2.33
9,Fulham,38,14,10,14,48,51,-3,52,2011,2.33
8,Lorient,38,13,10,15,48,53,-5,49,2013,2.33
10,Montpellier,38,11,18,9,36,33,+3,51,2017,2.33
14,Cagliari,38,11,12,15,52,56,-4,45,2019,2.33
7,Borussia Dortmund,34,11,13,10,45,42,+3,46,2005,2.32
14,Middlesbrough,38,12,9,17,48,58,-10,45,2005,2.32
9,Mallorca,38,14,8,16,37,43,-6,50,2022,2.31
13,FC Augsburg,34,10,6,18,36,54,-18,36,2020,2.3
11,Everton,38,14,8,16,34,49,-15,50,2005,2.3
15,Sunderland,38,11,6,21,36,59,-23,39,2007,2.3
12,Valenciennes,38,10,14,14,35,42,-7,44,2008,2.3
13,Catania,38,10,15,13,44,45,-1,45,2009,2.3
6,Hertha Berlin,34,15,4,15,43,47,-4,49,2016,2.29
8,1. FC Heidenheim 1846,34,10,12,12,50,55,-5,42,2023,2.29
11,Werder Bremen,34,10,12,12,37,40,-3,42,2017,2.28
19,Birmingham City,38,8,11,19,46,62,-16,35,2007,2.28
12,Bordeaux,38,13,11,14,40,43,-3,50,2003,2.28
6,Bordeaux,38,15,14,9,53,43,+10,59,2016,2.28
5,Sevilla,38,17,7,14,62,61,+1,58,2010,2.27
8,Manchester City,38,13,13,12,47,39,+8,52,2004,2.27
7,Kaiserslautern,34,13,7,14,48,51,-3,46,2010,2.26
8,Deportivo La Coruña,38,12,15,11,46,50,-4,51,2004,2.26
9,Werder Bremen,34,11,9,14,48,54,-6,42,2023,2.25
11,Real Zaragoza,38,10,16,12,46,51,-5,46,2005,2.25
15,Everton,38,13,9,16,40,51,-11,40,2023,2.25
12,Nantes,38,13,9,16,48,48,0,48,2018,2.25
11,Saint-Etienne,38,12,10,16,42,54,-12,46,2020,2.25
7,Hertha Berlin,34,14,8,12,42,42,0,50,2015,2.23
10,Schalke 04,34,11,10,13,45,40,+5,43,2016,2.23
16,Brentford,38,10,9,19,56,65,-9,39,2023,2.23
13,SPAL,38,11,9,18,44,56,-12,42,2018,2.23
11,TSG Hoffenheim,34,11,9,14,44,42,+2,42,2009,2.22
18,Lens,38,9,13,16,43,52,-9,40,2007,2.22
12,Lazio,38,11,13,14,39,43,-4,46,2009,2.22
10,Fulham,38,15,7,16,55,53,+2,52,2022,2.21
4,Málaga,38,17,7,14,54,53,+1,58,2011,2.2
7,Athletic Club,38,15,10,13,42,41,+1,55,2014,2.2
14,Aston Villa,38,13,6,19,52,54,-2,45,2021,2.2
14,Brest,38,11,11,16,44,54,-10,44,2022,2.2
12,Udinese,38,11,10,17,39,53,-14,43,2018,2.2
8,Fulham,38,11,16,11,49,43,+6,49,2010,2.19
12,Everton,38,13,10,15,44,56,-12,49,2019,2.19
12,AS Nancy Lorraine,38,13,9,16,46,53,-7,48,2009,2.19
14,Alavés,38,15,2,21,40,50,-10,47,2017,2.18
13,Charlton Athletic,38,13,8,17,41,55,-14,47,2005,2.18
9,Toulouse,38,12,13,13,46,53,-7,49,2013,2.18
12,FC Augsburg,34,10,11,13,43,46,-3,41,2017,2.17
9,Tottenham Hotspur,38,14,10,14,47,41,+6,52,2004,2.17
8,Athletic Club,38,13,14,11,41,45,-4,53,2018,2.16
13,Newcastle United,38,12,9,17,42,48,-6,45,2018,2.16
11,Valenciennes,38,12,12,14,49,53,-4,48,2012,2.16
16,Torino,38,8,16,14,46,55,-9,39,2012,2.16
9,Borussia Dortmund,34,12,8,14,41,43,-2,44,2006,2.15
6,Getafe,38,17,7,14,58,48,+10,58,2009,2.15
6,Levante,38,16,7,15,54,50,+4,55,2011,2.15
12,Sevilla,38,13,10,15,47,54,-7,49,2022,2.15
12,Monza,38,11,12,15,39,51,-12,45,2023,2.15
9,Mainz,34,12,11,11,36,42,-6,47,2009,2.14
14,AC Ajaccio,38,10,15,13,36,40,-4,45,2004,2.14
7,Hannover 96,34,12,12,10,41,45,-4,48,2011,2.12
14,Albacete,38,13,8,17,40,48,-8,47,2003,2.12
12,Real Zaragoza,38,13,9,16,46,55,-9,48,2003,2.11
17,Fulham,38,8,12,18,38,60,-22,36,2007,2.11
14,Stade de Reims,38,9,15,14,42,50,-8,42,2020,2.11
13,Hellas Verona,38,11,13,14,49,65,-16,46,2014,2.11
17,Osasuna,38,12,7,19,37,44,-7,43,2007,2.1
14,Nantes,38,11,12,15,37,41,-4,45,2005,2.1
16,Cagliari,38,11,11,16,56,58,-2,44,2009,2.1
8,Swansea City,38,16,8,14,46,49,-3,56,2014,2.09
14,Chievo Verona,38,10,13,15,28,41,-13,43,2014,2.09
9,Chievo Verona,38,13,11,14,43,45,-2,50,2015,2.09
6,Schalke 04,34,13,9,12,42,40,+2,48,2014,2.08
12,Real Zaragoza,38,14,8,16,52,57,-5,50,2004,2.08
12,Athletic Club,38,11,12,15,40,46,-6,45,2005,2.08
9,Real Sociedad,38,13,11,14,45,46,-1,50,2018,2.08
11,Rayo Vallecano,38,13,10,15,45,53,-8,49,2022,2.08
19,Lens,38,7,14,17,35,58,-23,35,2010,2.08
13,Nantes,38,12,10,16,38,43,-5,46,2013,2.08
13,Sassuolo,38,12,9,17,47,61,-14,45,2022,2.08
5,FC Augsburg,34,15,4,15,43,43,0,49,2014,2.07
16,AFC Bournemouth,38,11,9,18,45,67,-22,42,2015,2.07
11,TSG Hoffenheim,34,11,10,13,50,50,0,43,2010,2.06
8,Bolton Wanderers,38,14,11,13,48,56,-8,53,2003,2.06
13,Brentford,38,13,7,18,48,56,-8,46,2021,2.06
15,Strasbourg,38,11,9,18,49,58,-9,42,2020,2.06
11,Sassuolo,38,13,11,14,64,66,-2,50,2021,2.06
8,FC Augsburg,34,15,7,12,47,47,0,52,2013,2.05
9,Eintracht Frankfurt,34,13,6,15,59,60,-1,45,2019,2.05
9,Valencia,38,14,11,13,46,53,-7,53,2019,2.05
12,Bordeaux,38,13,6,19,42,56,-14,45,2020,2.05
8,Celta Vigo,38,13,12,13,47,44,+3,51,2014,2.04
9,Valencia,38,13,10,15,40,45,-5,49,2023,2.04
14,Empoli,38,10,13,15,37,49,-12,43,2022,2.04
11,Stade de Reims,38,12,12,14,44,52,-8,48,2013,2.03
11,Toulouse,34,11,10,13,42,46,-4,43,2023,2.03
15,Cagliari,38,10,13,15,37,46,-9,43,2011,2.03
12,Bologna,38,12,11,15,52,65,-13,47,2019,2.03
11,Mallorca,38,15,6,17,54,66,-12,51,2003,2.02
11,Aston Villa,38,11,17,10,43,41,+2,50,2006,2.01
12,Udinese,38,11,14,13,61,58,+3,47,2021,2.01
7,Borussia Dortmund,34,13,7,14,47,42,+5,46,2014,2.0
9,Mainz,34,12,10,12,54,55,-1,46,2022,2.0
7,Bolton Wanderers,38,16,8,14,47,52,-5,56,2006,2.0
9,Nantes,38,14,10,14,36,41,-5,52,2017,2.0
7,Mainz,34,16,5,13,52,54,-2,53,2013,1.99
8,Werder Bremen,34,13,6,15,61,64,-3,45,2016,1.99
12,Nice,38,10,16,12,38,45,-7,46,2004,1.99
13,Toulouse,38,12,10,16,36,43,-7,46,2004,1.99
15,Bordeaux,38,8,20,10,37,41,-4,44,2004,1.99
14,Sochaux,38,10,12,16,40,48,-8,42,2008,1.99
12,VfB Stuttgart,34,12,6,16,60,59,+1,42,2010,1.98
8,Málaga,38,15,10,13,55,59,-4,55,2008,1.98
10,Eintracht Frankfurt,34,12,10,12,47,54,-7,46,2009,1.97
8,Borussia Monchengladbach,34,12,11,11,45,49,-4,47,2012,1.97
18,Reading,38,10,6,22,41,66,-25,36,2007,1.97
16,Athletic Club,38,10,13,15,41,49,-8,43,2017,1.96
15,Strasbourg,38,9,13,16,51,59,-8,40,2022,1.96
16,Palermo,38,11,10,17,52,62,-10,43,2011,1.96
14,FC Augsburg,34,10,8,16,39,56,-17,38,2021,1.95
14,Siena,34,8,10,16,41,54,-13,34,2003,1.95
10,Sampdoria,38,12,12,14,49,55,-6,48,2016,1.95
10,Hellas Verona,38,11,12,15,46,48,-2,45,2020,1.95
9,Hannover 96,34,13,6,15,60,62,-2,45,2012,1.94
10,SC Freiburg,34,11,9,14,45,58,-13,42,2023,1.94
9,Borussia Monchengladbach,34,12,9,13,45,49,-4,45,2016,1.93
10,Málaga,38,15,6,17,40,48,-8,51,2004,1.93
10,Birmingham City,38,12,14,12,43,48,-5,50,2003,1.93
15,AS Nancy Lorraine,38,10,12,16,38,47,-9,42,2008,1.93
16,Udinese,38,10,11,17,43,56,-13,41,2014,1.93
12,Arminia Bielefeld,34,11,9,14,47,49,-2,42,2006,1.92
8,Hamburg SV,34,12,9,13,46,52,-6,45,2010,1.92
10,Blackburn Rovers,38,15,7,16,52,54,-2,52,2006,1.92
18,Nantes,38,9,13,16,47,55,-8,40,2020,1.92
16,Aston Villa,38,10,12,16,42,55,-13,42,2005,1.91
9,Sampdoria,38,13,10,15,44,48,-4,49,2006,1.91
14,Chievo Verona,38,12,8,18,37,42,-5,44,2009,1.91
15,Udinese,38,11,11,16,54,59,-5,44,2009,1.91
15,Atalanta,38,11,9,18,39,56,-17,40,2012,1.91
15,Levante,38,11,13,14,44,58,-14,46,2017,1.9
10,Osasuna,38,13,13,12,46,54,-8,52,2019,1.9
10,Hellas Verona,38,16,6,16,62,68,-6,54,2013,1.9
11,Málaga,38,12,10,16,49,55,-6,46,2016,1.89
9,Hansa Rostock,34,12,8,14,55,54,+1,44,2003,1.88
8,Hannover 96,34,13,10,11,54,56,-2,49,2007,1.88
11,Newcastle United,38,13,10,15,44,62,-18,49,2021,1.88
13,Saint-Etienne,38,11,14,13,29,39,-10,47,2005,1.88
10,Hertha Berlin,34,12,8,14,50,55,-5,44,2006,1.87
12,Sassuolo,38,13,7,18,58,63,-5,46,2016,1.87
11,Hertha Berlin,34,11,10,13,49,57,-8,43,2018,1.86
6,Real Betis,38,17,10,11,50,50,0,61,2020,1.86
13,Grenoble,38,10,14,14,24,37,-13,44,2008,1.86
17,Saint-Etienne,28,8,6,14,29,45,-16,30,2019,1.86
12,Parma,38,11,13,14,39,47,-8,46,2010,1.86
14,Cagliari,38,12,9,17,44,51,-7,45,2010,1.86
15,Salernitana,38,9,15,14,48,62,-14,42,2022,1.85
12,Levante,38,14,7,17,47,53,-6,49,2019,1.84
13,Sunderland,38,11,12,15,45,46,-1,45,2011,1.84
15,Borussia Monchengladbach,34,8,12,14,35,51,-16,36,2004,1.83
11,FC Augsburg,34,10,9,15,50,60,-10,39,2023,1.83
17,Genoa,38,8,14,16,38,52,-14,38,2012,1.83
13,Udinese,38,12,9,17,37,51,-14,45,2019,1.83
19,GFC Ajaccio,38,8,13,17,37,58,-21,37,2015,1.82
15,Perugia,34,6,14,14,44,56,-12,32,2003,1.82
15,Cagliari,38,10,11,17,36,54,-18,41,2018,1.82
15,Real Valladolid,38,11,12,15,42,57,-15,45,2007,1.81
14,AFC Bournemouth,38,13,6,19,56,70,-14,45,2018,1.81
7,Udinese,38,16,9,13,48,53,-5,57,2007,1.81
13,Deportivo La Coruña,38,12,11,15,32,45,-13,47,2006,1.8
13,Angers,38,10,16,12,44,49,-5,46,2018,1.8
15,Arminia Bielefeld,34,9,8,17,26,52,-26,35,2020,1.79
12,Southampton,38,12,11,15,44,45,-1,47,2003,1.79
13,Reggina,34,6,16,12,29,45,-16,34,2003,1.79
6,Livorno,38,12,13,13,37,44,-7,49,2005,1.78
8,1. FC Nürnberg,34,12,8,14,49,51,-2,44,2005,1.77
12,Valencia,38,13,7,18,56,65,-9,46,2016,1.77
15,AJ Auxerre,38,12,8,18,33,52,-19,44,2007,1.77
18,Real Zaragoza,38,10,12,16,50,61,-11,42,2007,1.76
12,Montpellier,34,10,12,12,43,48,-5,41,2023,1.76
8,Valencia,38,13,10,15,51,53,-2,49,2013,1.75
16,Valencia,38,11,9,18,42,45,-3,42,2022,1.75
7,Fulham,38,14,11,13,39,34,+5,53,2008,1.75
17,Nantes,38,10,13,15,33,38,-5,43,2004,1.75
9,Birmingham City,38,13,11,14,38,47,-9,50,2009,1.74
13,AS Nancy Lorraine,38,13,10,15,37,44,-7,49,2006,1.74
14,Lorient,38,12,13,13,33,40,-7,49,2006,1.74
13,Angers,38,12,8,18,40,58,-18,44,2020,1.74
6,Palermo,38,12,17,9,48,44,+4,53,2004,1.74
18,Newcastle United,38,9,10,19,44,65,-21,37,2015,1.73
10,West Bromwich Albion,38,13,8,17,45,52,-7,47,2011,1.72
11,Swansea City,38,12,11,15,44,51,-7,47,2011,1.72
11,Atalanta,38,13,8,17,45,48,-3,47,2008,1.72
13,Mainz,34,10,12,12,42,44,-2,42,2012,1.71
10,Marseille,38,12,12,14,45,41,+4,48,2011,1.71
14,Parma,38,10,11,17,41,61,-20,41,2018,1.71
12,Mainz,34,12,7,15,46,57,-11,43,2018,1.7
8,VfL Wolfsburg,34,12,9,13,47,49,-2,45,2015,1.69
8,Lens,38,15,8,15,34,48,-14,53,2003,1.69
11,Genoa,38,13,7,18,45,48,-3,46,2015,1.68
9,VfB Stuttgart,34,9,16,9,37,39,-2,43,2005,1.67
16,Brighton & Hove Albion,38,9,14,15,40,46,-6,41,2020,1.67
12,Napoli,38,12,10,16,43,45,-2,46,2008,1.67
12,Bayer Leverkusen,34,11,8,15,53,55,-2,41,2016,1.66
11,Celta Vigo,38,12,10,16,43,43,0,46,2021,1.66
10,Bastia,38,13,10,15,42,56,-14,49,2013,1.66
9,Sevilla,38,13,11,14,48,47,+1,50,2011,1.65
10,Espanyol,38,13,10,15,47,51,-4,49,2014,1.64
10,Manchester City,38,15,5,18,58,50,+8,50,2008,1.64
17,Werder Bremen,34,7,10,17,36,57,-21,31,2020,1.63
9,SC Freiburg,34,13,5,16,41,50,-9,44,2010,1.62
11,VfL Wolfsburg,34,10,13,11,47,52,-5,43,2012,1.62
9,Celta Vigo,38,14,7,17,49,54,-5,49,2013,1.62
9,Málaga,38,14,8,16,42,48,-6,50,2014,1.62
13,Caen,38,12,10,16,54,55,-1,46,2014,1.62
18,Nimes,28,7,6,15,29,44,-15,27,2019,1.62
17,Brest,38,11,8,19,50,66,-16,41,2020,1.62
13,Sampdoria,38,11,13,14,49,52,-3,46,2008,1.62
13,Udinese,38,12,9,17,47,56,-9,45,2016,1.62
16,FC Cologne,34,8,9,17,34,60,-26,33,2020,1.61
13,Getafe,38,12,11,15,38,46,-8,47,2004,1.61
12,Fulham,38,12,10,16,39,46,-7,46,2009,1.61
9,Evian Thonon Gaillard,38,13,11,14,54,55,-1,50,2011,1.61
9,Valencia,38,11,15,12,48,53,-5,48,2021,1.6
16,Lorient,38,11,9,18,50,68,-18,42,2020,1.6
10,Lazio,38,15,5,18,46,55,-9,50,2008,1.6
17,Genoa,38,8,14,16,39,57,-18,38,2018,1.6
12,Torino,38,12,9,17,52,55,-3,45,2015,1.59
13,Hellas Verona,38,9,11,18,38,51,-13,38,2023,1.59
7,Hamburg SV,34,14,6,14,42,53,-11,48,2012,1.58
7,Villarreal,38,16,8,14,58,57,+1,56,2009,1.58
10,Real Betis,38,14,8,16,44,52,-8,50,2018,1.58
10,Alavés,38,12,10,16,36,46,-10,46,2023,1.58
16,Le Mans,38,10,10,18,43,54,-11,40,2008,1.58
9,Stade Rennais,38,13,11,14,35,42,-7,50,2014,1.58
10,Borussia Monchengladbach,34,11,10,13,52,55,-3,43,2022,1.57
6,Málaga,38,16,9,13,53,50,+3,57,2012,1.57
12,Eibar,38,11,14,13,46,50,-4,47,2018,1.57
11,Middlesbrough,38,13,9,16,44,52,-8,48,2003,1.57
8,West Bromwich Albion,38,14,7,17,53,57,-4,49,2012,1.56
15,Montpellier,38,8,18,12,45,53,-8,42,2013,1.56
16,Guingamp,38,11,9,18,34,42,-8,42,2013,1.56
9,TSG Hoffenheim,34,11,11,12,72,70,+2,44,2013,1.55
17,Leganés,38,12,7,19,34,51,-17,43,2017,1.55
10,Udinese,38,12,10,16,49,55,-6,46,2006,1.55
11,Atalanta,38,15,5,18,43,51,-8,50,2013,1.55
18,Empoli,38,10,8,20,51,70,-19,38,2018,1.55
13,Hannover 96,34,10,9,15,44,54,-10,39,2017,1.54
14,Real Sociedad,38,13,8,17,47,56,-9,47,2004,1.54
8,Mallorca,38,14,10,14,42,46,-4,52,2011,1.54
10,1. FC Nürnberg,34,11,11,12,39,47,-8,44,2012,1.52
13,Catania,38,12,10,16,40,52,-12,46,2010,1.52
11,Eintracht Frankfurt,34,11,9,14,36,43,-7,42,2016,1.5
12,VfL Wolfsburg,34,10,7,17,41,56,-15,37,2023,1.5
12,Stade de Reims,38,11,13,14,43,44,-1,46,2021,1.5
11,Hannover 96,34,12,8,14,41,50,-9,44,2006,1.49
10,Fortuna Düsseldorf,34,13,5,16,49,65,-16,44,2018,1.49
10,Blackburn Rovers,38,13,11,14,41,55,-14,50,2009,1.49
12,Newcastle United,38,12,9,17,46,62,-16,45,2020,1.49
13,Wolverhampton Wanderers,38,12,9,17,36,52,-16,45,2020,1.49
8,Napoli,38,14,8,16,50,53,-3,50,2007,1.49
15,Sampdoria,38,12,6,20,48,65,-17,42,2019,1.49
13,SC Amiens,38,12,9,17,37,42,-5,45,2017,1.48
9,Mallorca,38,14,9,15,53,60,-7,51,2008,1.47
13,Celta Vigo,38,11,10,17,43,53,-10,43,2022,1.47
11,Osasuna,38,12,9,17,45,56,-11,45,2023,1.47
14,Evian Thonon Gaillard,38,11,11,16,39,51,-12,44,2013,1.47
13,Atalanta,38,11,12,15,41,47,-6,45,2015,1.47
13,Sunderland,38,11,11,16,48,56,-8,44,2009,1.46
15,Brighton & Hove Albion,38,9,14,15,39,54,-15,41,2019,1.46
16,VfL Bochum,34,9,8,17,47,68,-21,35,2004,1.45
11,TSG Hoffenheim,34,10,11,13,41,47,-6,41,2011,1.45
15,VfB Stuttgart,34,7,12,15,41,59,-18,33,2021,1.45
13,Mainz,34,7,14,13,39,51,-12,35,2023,1.45
13,Celta Vigo,38,13,6,19,53,69,-16,45,2016,1.45
18,Caen,38,8,13,17,42,49,-7,37,2008,1.45
10,Levante,38,12,12,14,35,43,-8,48,2013,1.44
14,Sevilla,38,10,11,17,48,54,-6,41,2023,1.44
11,Everton,38,12,11,15,48,50,-2,47,2014,1.44
13,Stade Rennais,38,13,7,18,48,59,-11,46,2012,1.44
12,Sampdoria,38,10,11,17,47,51,-4,41,2005,1.44
14,Reggina,38,12,15,11,52,50,+2,40,2006,1.44
9,FC Cologne,34,10,13,11,38,42,-4,43,2015,1.43
12,Newcastle United,38,11,13,14,56,57,-1,46,2010,1.43
13,Newcastle United,38,11,11,16,38,58,-20,44,2019,1.43
16,Lecce,38,8,12,18,33,46,-13,36,2022,1.43
12,Racing Santander,38,12,10,16,49,48,+1,46,2008,1.42
7,Real Betis,38,16,8,14,57,56,+1,56,2012,1.42
10,Crystal Palace,38,13,9,16,47,51,-4,48,2014,1.42
10,Empoli,38,12,10,16,40,49,-9,46,2015,1.42
16,Recreativo Huelva,38,11,11,16,40,60,-20,44,2007,1.41
10,Athletic Club,38,12,13,13,49,52,-3,49,2011,1.41
14,Crystal Palace,38,11,10,17,31,50,-19,43,2019,1.41
14,Borussia Monchengladbach,34,7,13,14,56,67,-11,34,2023,1.4
9,Stoke City,38,13,11,14,45,52,-7,50,2013,1.4
12,West Ham United,38,12,11,15,44,47,-3,47,2014,1.4
18,Real Valladolid,38,10,11,17,46,56,-10,41,2003,1.39
12,Norwich City,38,12,11,15,52,66,-14,47,2011,1.39
16,West Ham United,38,10,9,19,49,62,-13,39,2019,1.39
15,Sochaux,38,11,11,16,34,47,-13,44,2005,1.39
11,Genoa,38,10,12,16,47,58,-11,42,2020,1.39
15,Udinese,38,6,19,13,37,53,-16,37,2023,1.39
9,Werder Bremen,34,11,9,14,49,58,-9,42,2011,1.38
13,Mainz,34,9,12,13,47,51,-4,39,2011,1.38
11,FC Cologne,34,10,12,12,49,54,-5,42,2022,1.38
12,Real Sociedad,38,11,13,14,44,51,-7,46,2014,1.38
8,Tottenham Hotspur,38,14,9,15,45,45,0,51,2008,1.38
13,Stoke City,38,13,7,18,46,48,-2,46,2010,1.38
8,Southampton,38,12,10,16,41,48,-7,46,2016,1.38
11,Brest,38,13,9,16,49,57,-8,48,2021,1.38
11,Alavés,38,13,11,14,39,50,-11,50,2018,1.37
9,Swansea City,38,11,13,14,47,51,-4,46,2012,1.37
12,Guingamp,38,12,11,15,48,59,-11,47,2017,1.37
13,Bologna,38,12,10,16,44,55,-11,46,2021,1.37
14,Schalke 04,34,11,7,16,38,44,-6,40,2010,1.36
15,Getafe,38,10,12,16,34,45,-11,42,2022,1.35
11,Stoke City,38,11,14,13,34,48,-14,47,2009,1.35
17,Nottingham Forest,38,9,9,20,49,67,-18,32,2023,1.35
10,Espanyol,38,12,11,15,46,49,-3,47,2008,1.34
16,Modena,34,6,12,16,27,46,-19,30,2003,1.34
12,Genoa,38,11,8,19,33,43,-10,41,2017,1.34
10,VfL Wolfsburg,34,13,3,18,56,61,-5,42,2003,1.33
13,Mallorca,38,10,13,15,37,51,-14,43,2005,1.33
9,Osasuna,38,13,8,17,45,46,-1,47,2010,1.33
14,Villarreal,38,10,14,14,49,52,-3,44,2018,1.33
6,Celta Vigo,38,17,9,12,51,59,-8,60,2015,1.32
14,Stade de Reims,38,10,13,15,33,42,-9,43,2012,1.32
11,Nice,38,13,9,16,44,53,-9,48,2014,1.32
15,Cesena,38,11,10,17,38,50,-12,43,2010,1.32
12,Getafe,38,10,13,15,42,54,-12,43,2023,1.31
13,Portsmouth,38,12,9,17,47,54,-7,45,2003,1.31
12,Middlesbrough,38,12,10,16,44,49,-5,46,2006,1.31
8,VfL Wolfsburg,34,13,5,16,47,60,-13,44,2011,1.3
11,Málaga,38,12,9,17,39,46,-7,45,2013,1.29
10,West Bromwich Albion,38,12,9,17,43,51,-8,45,2016,1.29
13,Strasbourg,38,10,13,15,43,50,-7,43,2003,1.29
16,Metz,38,10,14,14,33,45,-12,44,2004,1.29
17,Saint-Etienne,38,11,7,20,40,56,-16,40,2008,1.29
9,Atalanta,38,12,12,14,52,56,-4,48,2007,1.29
9,Eintracht Frankfurt,34,12,10,12,43,50,-7,46,2007,1.28
10,1. FC Nürnberg,34,12,6,16,38,49,-11,42,2011,1.28
8,Athletic Club,38,15,9,14,50,53,-3,54,2009,1.28
8,Celta Vigo,38,14,11,13,55,57,-2,53,2020,1.28
8,TSG Hoffenheim,34,12,8,14,49,55,-6,44,2014,1.27
10,Hertha Berlin,34,11,8,15,48,59,-11,41,2019,1.27
7,Sevilla,38,14,10,14,51,50,+1,52,2015,1.27
13,Leganés,38,11,12,15,37,43,-6,45,2018,1.27
14,Bolton Wanderers,38,12,10,16,52,56,-4,46,2010,1.27
17,Atalanta,38,7,16,15,38,57,-19,37,2014,1.27
7,Burnley,38,14,12,12,36,39,-3,54,2017,1.26
10,Hertha Berlin,34,12,8,14,39,44,-5,44,2007,1.25
9,West Ham United,38,14,9,15,42,45,-3,51,2008,1.25
12,Bastia,38,12,11,15,37,46,-9,47,2014,1.25
16,Nantes,38,7,15,16,37,55,-18,36,2022,1.25
10,Ascoli,38,9,16,13,43,53,-10,43,2005,1.25
17,Genoa,38,11,9,18,50,69,-19,42,2011,1.25
10,Borussia Monchengladbach,34,10,12,12,42,50,-8,42,2005,1.24
7,SC Freiburg,34,14,6,14,42,60,-18,48,2016,1.24
13,Celta Vigo,38,10,11,17,46,57,-11,41,2023,1.24
16,Southampton,38,9,12,17,45,65,-20,39,2018,1.24
13,Fiorentina,38,9,13,16,47,59,-12,40,2020,1.24
10,FC Cologne,34,13,5,16,47,62,-15,44,2010,1.23
16,Toulouse,38,10,11,17,36,47,-11,41,2005,1.23
17,Nice,38,12,6,20,30,44,-14,42,2013,1.23
14,Bordeaux,38,10,11,17,34,42,-8,41,2018,1.23
11,Mainz,34,9,11,14,46,47,-1,38,2005,1.22
16,Lazio,38,16,14,8,57,47,+10,32,2005,1.22
17,Bologna,38,10,12,16,42,55,-13,42,2009,1.22
12,Bologna,38,10,11,17,51,65,-14,41,2020,1.22
14,Tottenham Hotspur,38,13,6,19,47,57,-10,45,2003,1.2
9,AFC Bournemouth,38,12,10,16,55,67,-12,46,2016,1.2
11,Crystal Palace,38,11,12,15,40,49,-9,45,2022,1.2
14,Lecce,38,8,14,16,32,54,-22,38,2023,1.2
17,Racing Santander,38,9,13,16,36,49,-13,40,2005,1.19
15,Nice,38,11,11,16,41,57,-16,44,2009,1.19
13,Strasbourg,34,10,9,15,38,50,-12,39,2023,1.19
13,FC Cologne,34,9,11,14,33,42,-9,38,2009,1.18
9,Eintracht Frankfurt,34,11,10,13,56,62,-6,43,2014,1.18
10,Hamburg SV,34,11,8,15,40,46,-6,41,2015,1.18
15,Mallorca,38,8,16,14,33,44,-11,40,2023,1.18
15,Blackburn Rovers,38,12,8,18,51,59,-8,44,2003,1.18
15,Burnley,38,11,7,20,45,68,-23,40,2018,1.18
15,VfL Wolfsburg,34,9,11,14,43,48,-5,38,2010,1.17
15,Levante,38,10,12,16,37,53,-16,42,2006,1.17
16,Real Betis,38,8,16,14,36,49,-13,40,2006,1.17
12,Real Sociedad,38,12,11,15,46,52,-6,47,2011,1.17
10,West Ham United,38,12,10,16,45,53,-8,46,2012,1.17
16,Nice,38,9,16,13,34,40,-6,43,2006,1.17
11,Cagliari,38,14,5,19,55,76,-21,47,2016,1.16
15,Bologna,38,11,6,21,40,52,-12,39,2017,1.16
16,Torino,38,11,7,20,46,68,-22,40,2019,1.16
9,Sevilla,38,14,8,16,58,54,+4,50,2012,1.15
10,Athletic Club,38,11,13,14,46,42,+4,46,2020,1.15
14,Metz,38,11,9,18,34,42,-8,42,2003,1.15
16,Evian Thonon Gaillard,38,10,10,18,46,53,-7,40,2012,1.15
12,Lazio,38,11,13,14,47,51,-4,46,2007,1.15
14,Genoa,38,11,11,16,41,50,-9,44,2013,1.15
10,Aston Villa,38,12,11,15,45,52,-7,47,2004,1.14
14,Stoke City,38,11,12,15,36,53,-17,45,2011,1.14
12,Chelsea,38,11,11,16,38,47,-9,44,2022,1.14
12,Bastia,38,13,8,17,50,66,-16,47,2012,1.14
8,Espanyol,38,15,4,19,46,55,-9,49,2010,1.13
15,Levante,38,11,11,16,59,66,-7,44,2018,1.13
16,Manchester City,38,9,14,15,55,54,+1,41,2003,1.13
14,Chievo Verona,38,12,7,19,43,61,-18,43,2016,1.13
14,Udinese,38,12,4,22,48,63,-15,40,2017,1.13
19,Norwich City,38,9,7,22,39,67,-28,34,2015,1.12
15,Southampton,38,12,7,19,47,68,-21,43,2020,1.12
16,Lorient,38,12,7,19,44,50,-6,43,2014,1.12
8,Saint-Etienne,38,12,14,12,41,42,-1,50,2016,1.12
11,Dijon FCO,38,13,9,16,55,73,-18,48,2017,1.12
7,Parma,38,12,9,17,46,60,-14,45,2005,1.12
8,Empoli,38,13,6,19,47,61,-14,45,2005,1.12
8,Hamburg SV,34,14,7,13,47,60,-13,49,2003,1.11
12,Hannover 96,34,7,17,10,43,47,-4,38,2005,1.1
13,Energie Cottbus,34,11,8,15,38,49,-11,41,2006,1.1
10,Sporting Gijón,38,11,14,13,35,42,-7,47,2010,1.1
15,Southampton,38,9,13,16,43,67,-24,40,2021,1.1
14,Udinese,38,10,10,18,42,58,-16,40,2020,1.1
17,Racing Santander,38,11,10,17,48,63,-15,42,2003,1.09
8,Málaga,38,12,12,14,38,35,+3,48,2015,1.09
17,Troyes,38,9,12,17,37,47,-10,39,2005,1.09
14,Mainz,34,9,9,16,38,52,-14,36,2017,1.08
13,SC Freiburg,34,8,12,14,46,61,-15,36,2018,1.07
16,Espanyol,38,13,4,21,48,64,-16,43,2003,1.07
13,Real Valladolid,38,9,15,14,32,43,-11,42,2019,1.07
16,Everton,38,11,6,21,43,66,-23,39,2021,1.07
10,Guingamp,38,15,4,19,41,55,-14,49,2014,1.07
13,Udinese,38,12,8,18,46,57,-11,44,2013,1.07
14,Real Betis,38,10,12,16,34,51,-17,42,2005,1.06
10,Osasuna,38,12,11,15,37,51,-14,47,2021,1.06
16,Las Palmas,38,10,10,18,33,47,-14,40,2023,1.06
13,Werder Bremen,34,10,11,13,47,61,-14,41,2010,1.05
13,Real Betis,38,13,8,17,47,56,-9,47,2011,1.05
14,Siena,38,12,8,18,33,44,-11,44,2008,1.05
17,Almería,38,11,8,19,49,65,-16,41,2022,1.04
18,Lecce,38,8,12,18,40,56,-16,36,2011,1.04
15,Bologna,38,11,8,19,40,58,-18,41,2016,1.04
11,Mainz,34,9,13,12,45,47,-2,40,2014,1.03
12,Birmingham City,38,11,12,15,40,46,-6,45,2004,1.03
9,Aston Villa,38,12,12,14,48,59,-11,48,2010,1.03
10,Newcastle United,38,15,4,19,43,59,-16,49,2013,1.03
14,Angers,38,9,14,15,42,52,-10,41,2017,1.03
11,Udinese,38,11,10,17,40,54,-14,43,2005,1.03
18,Palermo,38,6,14,18,34,54,-20,32,2012,1.03
18,Cagliari,38,8,10,20,48,68,-20,34,2014,1.03
14,Espanyol,38,11,9,18,41,51,-10,42,2013,1.02
12,Swansea City,38,11,9,18,54,54,0,42,2013,1.02
14,Nantes,38,11,12,15,29,40,-11,45,2014,1.02
15,Catania,38,12,7,19,41,51,-10,43,2008,1.02
14,Bologna,38,11,9,18,33,45,-12,42,2015,1.02
17,Portsmouth,38,10,8,20,37,62,-25,38,2005,1.01
12,Sampdoria,38,12,9,17,48,62,-14,45,2013,1.01
15,VfL Wolfsburg,34,8,13,13,37,45,-8,37,2006,1.0
11,FC Ingolstadt 04,34,10,10,14,33,42,-9,40,2015,0.99
7,Osasuna,38,13,15,10,44,61,-17,54,2011,0.99
12,Leicester City,38,12,8,18,48,63,-15,44,2016,0.99
13,Stoke City,38,11,11,16,41,56,-15,44,2016,0.99
11,Livorno,38,10,13,15,41,54,-13,43,2006,0.99
11,1. FC Union Berlin,34,12,5,17,41,58,-17,41,2019,0.98
17,Empoli,38,9,9,20,29,54,-25,36,2023,0.98
12,VfL Bochum,34,10,11,13,48,54,-6,41,2007,0.97
11,Getafe,38,12,11,15,40,51,-11,47,2011,0.97
14,Las Palmas,38,10,9,19,53,74,-21,39,2016,0.97
18,Birmingham City,38,8,10,20,28,50,-22,34,2005,0.97
10,Sunderland,38,12,11,15,45,56,-11,47,2010,0.97
14,Crystal Palace,38,12,8,18,41,66,-25,44,2020,0.97
19,SC Amiens,28,4,11,13,31,50,-19,23,2019,0.97
13,Siena,38,9,17,12,40,45,-5,44,2007,0.97
14,Eintracht Frankfurt,34,9,13,12,46,58,-12,40,2006,0.96
14,Espanyol,38,12,10,16,46,56,-10,46,2011,0.96
15,Real Betis,38,10,11,17,48,60,-12,41,2019,0.96
11,West Ham United,38,12,9,17,47,64,-17,45,2016,0.96
14,FC Augsburg,34,8,14,12,36,49,-13,38,2011,0.95
11,Hertha Berlin,34,11,8,15,40,48,-8,41,2013,0.95
16,VfL Wolfsburg,34,6,15,13,36,48,-12,33,2017,0.95
16,Real Sociedad,38,11,7,20,48,65,-17,40,2005,0.95
11,Rayo Vallecano,38,15,4,19,46,68,-22,49,2014,0.95
9,Stade Rennais,38,12,14,12,36,42,-6,50,2016,0.95
17,Empoli,34,7,9,18,26,54,-28,30,2003,0.95
17,Genoa,38,10,9,19,47,73,-26,39,2019,0.95
15,Siena,38,9,14,15,35,45,-10,40,2006,0.94
16,Cagliari,38,9,10,19,43,59,-16,37,2020,0.94
16,Cagliari,38,8,12,18,42,68,-26,36,2023,0.94
12,SC Freiburg,34,10,10,14,45,61,-16,40,2011,0.93
15,Mainz,34,10,7,17,44,55,-11,37,2016,0.93
13,Newcastle United,38,11,10,17,38,47,-9,43,2006,0.93
17,Brighton & Hove Albion,38,9,9,20,35,60,-25,36,2018,0.93
10,Genoa,38,13,9,16,44,54,-10,48,2007,0.93
18,Frosinone,38,8,11,19,44,69,-25,35,2023,0.93
12,VfB Stuttgart,34,12,7,15,37,55,-18,43,2012,0.92
15,1. FC Union Berlin,34,9,6,19,33,58,-25,33,2023,0.92
9,Real Sociedad,38,13,9,16,45,48,-3,48,2015,0.92
12,Fulham,38,11,10,17,50,60,-10,43,2012,0.92
18,Burnley,38,7,14,17,34,53,-19,35,2021,0.92
10,Guingamp,38,14,8,16,46,53,-7,50,2016,0.92
15,Spezia,38,9,12,17,52,72,-20,39,2020,0.92
11,Borussia Monchengladbach,34,10,9,15,40,49,-9,39,2003,0.91
17,Athletic Club,38,10,10,18,44,62,-18,40,2006,0.91
15,Real Betis,38,10,9,19,41,64,-23,39,2016,0.91
15,Wigan Athletic,38,11,10,17,42,62,-20,43,2011,0.91
14,Crystal Palace,38,12,5,21,50,63,-13,41,2016,0.91
17,AC Ajaccio,38,9,15,14,39,51,-12,40,2012,0.91
16,Bologna,38,11,12,15,35,52,-17,42,2010,0.91
12,FC Cologne,34,9,13,12,34,40,-6,40,2014,0.9
16,Deportivo La Coruña,38,8,12,18,43,61,-18,36,2016,0.9
19,Strasbourg,38,9,8,21,34,55,-21,35,2007,0.9
14,Cagliari,38,8,15,15,42,55,-13,39,2005,0.9
16,Cagliari,38,9,13,16,35,46,-11,40,2006,0.9
13,Fulham,38,12,8,18,52,60,-8,44,2004,0.89
11,Palermo,38,12,11,15,47,57,-10,47,2007,0.89
15,Osasuna,38,10,13,15,41,47,-6,43,2008,0.88
18,Chievo Verona,38,9,12,17,38,48,-10,39,2006,0.88
13,Chievo Verona,38,10,10,18,36,59,-23,40,2017,0.88
17,SPAL,38,8,14,16,39,59,-20,38,2017,0.88
17,Burnley,38,10,9,19,33,55,-22,39,2020,0.87
13,Montpellier,38,12,7,19,49,61,-12,43,2021,0.87
16,Racing Santander,38,12,8,18,41,58,-17,44,2004,0.86
9,Leicester City,38,12,11,15,56,60,-4,47,2017,0.86
15,Sampdoria,38,10,10,18,48,61,-13,40,2015,0.86
12,Rayo Vallecano,38,11,9,18,39,50,-11,42,2021,0.85
11,Crystal Palace,38,13,6,19,33,48,-15,45,2013,0.85
17,Saint-Etienne,38,10,10,18,27,45,-18,40,2009,0.85
17,Torino,38,7,16,15,50,69,-19,37,2020,0.85
17,AJ Auxerre,38,8,11,19,35,63,-28,35,2022,0.84
12,Parma,38,10,12,16,41,56,-15,42,2006,0.84
12,FC Augsburg,34,9,11,14,42,52,-10,38,2015,0.83
15,Osasuna,38,12,10,16,46,65,-19,46,2004,0.83
9,Atlético Madrid,38,13,8,17,57,61,-4,47,2009,0.83
14,Levante,38,12,9,17,41,52,-11,45,2010,0.83
14,Newcastle United,38,10,14,14,47,57,-10,44,2004,0.83
13,Stoke City,38,9,15,14,34,45,-11,42,2012,0.83
12,Borussia Monchengladbach,34,10,9,15,43,60,-17,39,2009,0.82
16,Hertha Berlin,34,9,6,19,37,71,-34,33,2021,0.82
15,Espanyol,38,10,11,17,36,56,-20,41,2005,0.82
17,Leganés,38,8,11,19,36,55,-19,35,2016,0.82
13,Elche,38,11,9,18,40,52,-12,42,2021,0.82
19,Siena,38,9,9,20,36,57,-21,30,2012,0.82
10,Hannover 96,34,12,6,16,46,59,-13,42,2013,0.81
10,Werder Bremen,34,11,10,13,50,65,-15,43,2014,0.81
13,FC Augsburg,34,9,11,14,35,51,-16,38,2016,0.8
14,Schalke 04,34,8,9,17,37,55,-18,33,2018,0.8
18,Celta Vigo,38,10,9,19,40,59,-19,39,2006,0.8
17,Getafe,38,10,12,16,50,56,-6,42,2008,0.8
19,Nantes,38,9,10,19,33,54,-21,37,2008,0.8
17,Celta Vigo,38,10,11,17,53,62,-9,41,2018,0.79
17,Rayo Vallecano,38,8,14,16,29,48,-19,38,2023,0.79
16,Aston Villa,38,7,17,14,37,53,-16,38,2011,0.79
14,Southampton,38,9,14,15,49,60,-11,41,2012,0.79
14,West Ham United,38,11,7,20,42,55,-13,40,2022,0.79
17,Arminia Bielefeld,34,5,13,16,27,53,-26,28,2021,0.78
18,Alavés,38,9,12,17,35,54,-19,39,2005,0.78
11,Málaga,38,13,7,18,54,68,-14,46,2010,0.78
16,Getafe,38,12,8,18,49,60,-11,44,2010,0.78
14,Espanyol,38,10,12,16,40,53,-13,42,2021,0.78
15,Sochaux,38,10,11,17,41,57,-16,41,2012,0.78
12,Schalke 04,34,9,12,13,38,58,-20,39,2019,0.77
19,Cádiz,38,8,12,18,36,52,-16,36,2005,0.77
18,Real Betis,38,10,12,16,51,58,-7,42,2008,0.77
13,Real Zaragoza,38,12,9,17,40,53,-13,45,2010,0.77
16,Burnley,38,11,7,20,39,55,-16,40,2016,0.77
14,Angers,38,10,11,17,44,55,-11,41,2021,0.77
11,Sassuolo,38,11,10,17,29,59,-30,43,2017,0.77
14,Eibar,38,11,9,18,39,56,-17,42,2019,0.76
19,Espanyol,38,8,13,17,52,69,-17,37,2022,0.76
13,West Bromwich Albion,38,11,11,16,38,51,-13,44,2014,0.76
14,Empoli,38,10,11,17,50,70,-20,41,2021,0.76
14,Cádiz,38,10,12,16,30,53,-23,42,2022,0.75
14,Eintracht Frankfurt,34,9,9,16,42,51,-9,36,2005,0.74
12,Racing Santander,38,12,10,16,41,56,-15,46,2010,0.74
13,Getafe,38,11,9,18,35,54,-19,42,2013,0.74
11,Charlton Athletic,38,12,10,16,42,58,-16,46,2004,0.74
11,West Bromwich Albion,38,12,11,15,56,71,-15,47,2010,0.74
14,Leicester City,38,11,8,19,46,55,-9,41,2014,0.74
17,Celta Vigo,38,7,16,15,37,49,-12,37,2019,0.73
19,Bastia,38,11,8,19,32,48,-16,41,2004,0.73
11,AS Nancy Lorraine,38,11,12,15,38,48,-10,45,2011,0.73
14,FC Cologne,34,10,6,18,51,69,-18,36,2019,0.72
15,FC Augsburg,34,9,9,16,45,63,-18,36,2019,0.72
16,VfL Bochum,34,7,12,15,42,74,-32,33,2023,0.72
12,Valencia,38,11,11,16,46,48,-2,44,2015,0.72
15,Getafe,38,8,15,15,33,41,-8,39,2021,0.72
7,Nantes,38,14,9,15,40,54,-14,51,2016,0.72
11,Almería,38,13,7,18,45,61,-16,46,2008,0.71
13,Valencia,38,10,13,15,50,53,-3,43,2020,0.71
17,Aston Villa,38,9,8,21,41,67,-26,35,2019,0.71
17,Valenciennes,38,11,10,17,36,48,-12,43,2006,0.7
11,Lille,38,13,7,18,40,47,-7,46,2016,0.7
12,TSG Hoffenheim,34,10,6,18,48,57,-9,36,2022,0.69
16,Real Valladolid,38,12,7,19,46,58,-12,43,2008,0.69
18,AFC Bournemouth,38,9,7,22,40,65,-25,34,2019,0.69
16,Toulouse,38,9,12,17,31,44,-13,39,2003,0.69
8,AS Roma,38,11,12,15,55,58,-3,45,2004,0.69
16,Cagliari,38,11,6,21,33,61,-28,39,2017,0.69
15,FC Augsburg,34,8,8,18,51,71,-20,32,2018,0.68
15,Blackburn Rovers,38,9,15,14,32,43,-11,42,2004,0.68
16,VfL Wolfsburg,34,10,7,17,34,52,-18,37,2016,0.67
15,Siena,38,9,12,17,42,60,-18,39,2005,0.67
18,Sampdoria,38,8,12,18,33,49,-16,36,2010,0.67
19,Real Sociedad,38,8,11,19,32,47,-15,35,2006,0.66
13,West Ham United,38,11,7,20,40,51,-11,40,2013,0.66
13,Toulouse,38,10,14,14,37,41,-4,44,2016,0.66
15,Le Havre AC,34,7,11,16,34,45,-11,32,2023,0.66
17,Lecce,38,11,8,19,46,66,-20,41,2010,0.66
13,Mainz,34,11,4,19,44,65,-21,37,2019,0.65
17,Mallorca,38,12,8,18,41,56,-15,44,2010,0.65
17,West Ham United,38,8,11,19,47,66,-19,35,2009,0.65
11,Norwich City,38,10,14,14,41,58,-17,44,2012,0.65
17,Leeds United,38,9,11,18,42,79,-37,38,2021,0.65
13,Nice,38,10,12,16,39,46,-7,42,2011,0.65
12,Angers,38,13,7,18,40,49,-9,46,2016,0.65
13,Werder Bremen,34,10,8,16,50,65,-15,38,2015,0.64
14,SV Darmstadt 98,34,9,11,14,38,53,-15,38,2015,0.64
13,Athletic Club,38,12,8,18,47,62,-15,44,2008,0.64
14,Manchester City,38,11,9,18,29,44,-15,42,2006,0.64
8,Everton,38,13,10,15,44,58,-14,49,2017,0.64
13,Borussia Dortmund,34,10,10,14,50,62,-12,40,2007,0.63
14,Werder Bremen,34,8,10,16,50,66,-16,34,2012,0.63
15,Real Sociedad,38,14,3,21,49,66,-17,45,2010,0.63
16,Elche,38,9,13,16,30,50,-20,40,2013,0.63
11,Wigan Athletic,38,12,9,17,34,45,-11,45,2008,0.63
18,Toulouse,38,9,10,19,38,54,-16,37,2017,0.63
19,Nimes,38,9,8,21,40,71,-31,35,2020,0.63
11,Karlsruher SC,34,11,10,13,38,53,-15,43,2007,0.62
15,Blackburn Rovers,38,11,10,17,46,59,-13,43,2010,0.62
17,Sunderland,38,9,12,17,41,54,-13,39,2012,0.62
10,Newcastle United,38,12,8,18,39,47,-8,44,2017,0.62
18,Luton Town,38,6,8,24,52,85,-33,26,2023,0.62
18,Villarreal,38,9,14,15,39,53,-14,41,2011,0.61
14,Bolton Wanderers,38,10,9,19,42,67,-25,39,2009,0.61
15,Wolverhampton Wanderers,38,9,11,18,32,56,-24,38,2009,0.61
19,Watford,38,8,10,20,36,64,-28,34,2019,0.61
12,Valenciennes,38,12,7,19,40,50,-10,43,2011,0.61
17,Everton,38,9,12,17,45,57,-12,39,2003,0.6
19,West Bromwich Albion,38,7,9,22,31,58,-27,30,2005,0.6
18,Sochaux,38,10,10,18,37,61,-24,40,2013,0.6
15,SC Amiens,38,9,11,18,31,52,-21,38,2018,0.6
15,TSG Hoffenheim,34,9,10,15,39,54,-15,37,2015,0.59
15,SC Freiburg,34,8,12,14,32,56,-24,36,2017,0.59
13,Werder Bremen,34,10,6,18,51,64,-13,36,2022,0.59
11,Las Palmas,38,12,8,18,45,53,-8,44,2015,0.59
17,Bastia,38,9,12,17,33,49,-16,39,2003,0.59
18,Crotone,38,9,8,21,40,66,-26,35,2017,0.59
18,Hellas Verona,38,7,10,21,31,59,-28,31,2022,0.59
13,Arminia Bielefeld,34,10,7,17,32,47,-15,37,2005,0.58
19,Celta Vigo,38,9,12,17,48,68,-20,39,2003,0.58
18,Deportivo La Coruña,38,10,13,15,31,47,-16,43,2010,0.58
15,Brest,38,8,17,13,31,38,-7,41,2011,0.58
15,Stade de Reims,38,12,8,18,47,66,-19,44,2014,0.58
7,Messina,38,12,12,14,44,52,-8,48,2004,0.58
15,Cagliari,38,9,12,17,34,53,-19,39,2013,0.58
16,Genoa,38,9,9,20,38,64,-26,36,2016,0.58
17,Crotone,38,9,7,22,34,58,-24,34,2016,0.58
14,Hannover 96,34,9,10,15,49,63,-14,37,2003,0.57
11,Crystal Palace,38,11,11,16,45,55,-10,44,2017,0.57
16,Toulouse,38,8,14,16,35,57,-22,38,2018,0.57
15,Sampdoria,38,10,6,22,46,63,-17,36,2021,0.57
10,Deportivo La Coruña,38,13,8,17,35,49,-14,47,2009,0.56
8,Rayo Vallecano,38,16,5,17,50,66,-16,53,2012,0.56
13,Elche,38,11,8,19,35,62,-27,41,2014,0.56
15,Swansea City,38,12,5,21,45,70,-25,41,2016,0.56
18,Cardiff City,38,10,4,24,34,69,-35,34,2018,0.56
16,Borussia Monchengladbach,34,10,6,18,48,65,-17,36,2010,0.55
15,Granada,38,12,5,21,32,56,-24,41,2013,0.55
17,AS Monaco,38,8,12,18,38,57,-19,36,2018,0.55
18,Carpi,38,9,11,18,37,57,-20,38,2015,0.55
18,Lecce,38,9,8,21,52,85,-33,35,2019,0.55
17,Queens Park Rangers,38,10,7,21,43,66,-23,37,2011,0.54
13,Lazio,38,11,11,16,48,53,-5,44,2004,0.54
16,Chievo Verona,38,8,14,16,35,49,-14,38,2008,0.54
18,Eibar,38,9,8,21,34,55,-21,35,2014,0.53
17,Torino,38,10,10,18,27,47,-20,40,2006,0.53
18,Atalanta,38,9,8,21,37,53,-16,35,2009,0.53
15,Hamburg SV,34,8,12,14,35,57,-22,36,2011,0.52
15,FC Augsburg,34,8,9,17,33,51,-18,33,2012,0.52
17,Cádiz,38,8,15,15,35,51,-16,39,2021,0.51
16,Sochaux,38,11,8,19,28,52,-24,41,2009,0.51
15,Strasbourg,38,9,11,18,44,67,-23,38,2017,0.51
17,Hansa Rostock,34,7,9,18,31,65,-34,30,2004,0.5
12,FC Cologne,34,11,6,17,35,50,-15,39,2008,0.5
12,Osasuna,38,11,10,17,37,46,-9,43,2009,0.5
15,Rayo Vallecano,38,13,4,21,53,73,-20,43,2011,0.5
17,Bologna,38,9,15,14,33,36,-3,42,2004,0.5
17,Spezia,38,6,13,19,31,62,-31,31,2022,0.5
19,Sassuolo,38,7,9,22,43,75,-32,30,2023,0.49
12,Hertha Berlin,34,9,12,13,42,59,-17,39,2003,0.48
13,Catania,38,10,11,17,46,68,-22,41,2006,0.48
17,FC Cologne,34,5,12,17,28,60,-32,27,2023,0.47
14,Eibar,38,11,10,17,49,61,-12,43,2015,0.47
11,Osasuna,38,11,11,16,37,48,-11,44,2020,0.47
19,Troyes,38,8,13,17,43,61,-18,37,2012,0.47
13,Espanyol,38,11,11,16,43,52,-9,44,2012,0.46
16,Caen,38,10,8,20,27,52,-25,38,2017,0.46
15,Troyes,38,9,11,18,37,53,-16,38,2021,0.46
10,Lecce,38,10,14,14,66,73,-7,44,2004,0.46
17,Udinese,38,10,9,19,35,60,-25,39,2015,0.46
16,Eintracht Frankfurt,34,9,9,16,34,52,-18,36,2015,0.45
17,Granada,38,12,6,20,35,56,-21,42,2011,0.45
10,Getafe,38,13,8,17,43,57,-14,47,2012,0.45
16,Deportivo La Coruña,38,7,14,17,35,60,-25,35,2014,0.45
12,Stoke City,38,12,9,17,38,55,-17,45,2008,0.45
19,Burnley,38,5,9,24,41,78,-37,24,2023,0.45
13,Eintracht Frankfurt,34,9,9,16,40,57,-17,36,2013,0.44
17,Mallorca,38,10,9,19,42,63,-21,39,2004,0.44
18,Levante,38,9,10,19,39,58,-19,37,2004,0.44
17,Watford,38,11,7,20,40,68,-28,40,2016,0.44
15,AC Ajaccio,38,10,10,18,33,55,-22,40,2003,0.44
18,AS Nancy Lorraine,38,9,11,18,38,58,-20,38,2012,0.44
15,Torino,38,8,16,14,36,49,-13,40,2007,0.44
16,Chievo Verona,38,10,6,22,34,54,-20,36,2013,0.44
19,Real Valladolid,38,7,15,16,38,60,-22,36,2013,0.43
18,Sporting Gijón,38,7,10,21,42,72,-30,31,2016,0.43
18,Granada,38,8,14,16,44,61,-17,38,2021,0.43
13,Bolton Wanderers,38,11,8,19,41,53,-12,41,2008,0.43
12,AFC Bournemouth,38,11,11,16,45,61,-16,44,2017,0.43
17,Lille,38,10,8,20,41,67,-26,38,2017,0.43
14,Real Valladolid,38,11,10,17,49,58,-9,43,2012,0.42
16,Real Valladolid,38,10,11,17,32,51,-19,41,2018,0.42
14,Sunderland,38,10,8,20,41,60,-19,38,2013,0.42
16,Hull City,38,10,7,21,38,53,-15,37,2013,0.42
17,Toulouse,38,12,6,20,43,64,-21,42,2014,0.42
14,SC Freiburg,34,9,9,16,43,61,-18,36,2013,0.41
13,Hannover 96,34,9,10,15,40,56,-16,37,2014,0.41
17,Almería,38,11,7,20,43,71,-28,40,2013,0.41
18,Leicester City,38,9,7,22,51,68,-17,34,2022,0.41
16,Palermo,38,10,9,19,38,65,-27,39,2015,0.41
17,Fortuna Düsseldorf,34,7,9,18,39,57,-18,30,2012,0.4
13,Almería,38,10,12,16,43,55,-12,42,2009,0.4
10,Real Betis,38,11,12,15,34,52,-18,45,2015,0.4
14,Cagliari,38,11,9,18,40,56,-16,42,2007,0.4
19,Brescia,38,7,11,20,34,52,-18,32,2010,0.4
17,Eintracht Frankfurt,34,9,7,18,31,49,-18,34,2010,0.39
17,Hamburg SV,34,8,7,19,29,53,-24,31,2017,0.39
16,VfB Stuttgart,34,7,12,15,45,57,-12,33,2022,0.39
16,Portsmouth,38,10,9,19,43,59,-16,39,2004,0.39
11,Espanyol,38,11,11,16,29,46,-17,44,2009,0.38
14,Levante,38,9,14,15,46,57,-11,41,2020,0.38
15,Getafe,38,10,7,21,33,64,-31,37,2014,0.37
18,Leganés,38,8,12,18,30,51,-21,36,2019,0.37
15,Aston Villa,38,10,8,20,39,61,-22,38,2013,0.37
13,Wolverhampton Wanderers,38,11,8,19,31,58,-27,41,2022,0.37
11,Reggina,38,10,14,14,36,45,-9,44,2004,0.37
12,Cagliari,38,10,14,14,51,60,-9,44,2004,0.37
15,VfB Stuttgart,34,8,8,18,49,62,-13,32,2013,0.36
17,West Bromwich Albion,38,7,15,16,43,59,-16,36,2013,0.36
17,Bologna,38,9,10,19,43,62,-19,37,2008,0.36
16,Real Zaragoza,38,12,7,19,36,61,-25,43,2011,0.35
15,Deportivo La Coruña,38,8,18,12,45,61,-16,42,2015,0.35
18,Real Valladolid,38,11,7,20,33,63,-30,40,2022,0.35
15,Aston Villa,38,10,11,17,47,69,-22,41,2012,0.35
17,Everton,38,8,12,18,34,57,-23,36,2022,0.35
18,Guingamp,38,10,8,20,36,58,-22,38,2003,0.35
19,Le Mans,38,9,11,18,35,57,-22,38,2003,0.35
13,Reggina,38,11,8,19,39,65,-26,41,2005,0.35
17,FC Ingolstadt 04,34,8,8,18,36,57,-21,32,2016,0.34
11,Levante,38,12,10,16,40,57,-17,46,2012,0.34
17,Catania,38,8,13,17,33,45,-12,37,2007,0.34
11,Hannover 96,34,10,10,14,49,69,-20,40,2008,0.33
14,SC Freiburg,34,9,8,17,35,59,-24,35,2009,0.33
18,Osasuna,38,10,9,19,32,62,-30,39,2013,0.33
16,Fiorentina,38,9,15,14,42,50,-8,42,2004,0.33
12,Werder Bremen,34,10,9,15,42,66,-24,39,2013,0.32
14,VfB Stuttgart,34,9,9,16,42,60,-18,36,2014,0.32
14,Hamburg SV,34,10,8,16,33,61,-28,38,2016,0.32
14,Levante,38,9,10,19,34,67,-33,37,2014,0.32
18,Girona,38,9,10,19,37,53,-16,37,2018,0.32
18,Cádiz,38,6,15,17,26,55,-29,33,2023,0.32
9,Livorno,38,11,12,15,49,60,-11,45,2004,0.32
16,Newcastle United,38,11,8,19,45,68,-23,41,2012,0.31
14,Nantes,34,9,6,19,30,55,-25,33,2023,0.31
18,Empoli,38,8,8,22,29,61,-32,32,2016,0.31
16,Spezia,38,10,6,22,41,71,-30,36,2021,0.31
19,Cremonese,38,5,12,21,36,69,-33,27,2022,0.31
15,Hertha Berlin,34,9,8,17,36,52,-16,35,2014,0.3
17,SC Freiburg,34,7,13,14,36,47,-11,34,2014,0.3
15,FC Augsburg,34,9,7,18,42,63,-21,34,2022,0.3
16,Alavés,38,10,9,19,34,59,-25,39,2019,0.3
18,Bolton Wanderers,38,10,6,22,46,77,-31,36,2011,0.3
18,Le Mans,38,8,8,22,36,59,-23,32,2009,0.3
18,Benevento,38,7,12,19,40,75,-35,33,2020,0.3
12,Rayo Vallecano,38,13,4,21,46,80,-34,43,2013,0.29
16,Fulham,38,8,15,15,38,60,-22,39,2006,0.29
16,Eintracht Frankfurt,34,9,5,20,36,53,-17,32,2003,0.28
16,Werder Bremen,34,8,7,19,42,69,-27,31,2019,0.28
14,Portsmouth,38,10,11,17,38,57,-19,41,2008,0.28
13,West Ham United,38,10,12,16,48,68,-20,42,2017,0.28
18,Troyes,38,9,12,17,39,54,-15,39,2006,0.28
19,Caen,38,7,12,19,29,54,-25,33,2018,0.28
15,Hannover 96,34,9,6,19,43,67,-24,33,2009,0.27
15,Sporting Gijón,38,9,13,16,36,51,-15,40,2009,0.27
17,Lorient,38,9,12,17,35,49,-14,39,2011,0.27
18,Evian Thonon Gaillard,38,11,4,23,41,62,-21,37,2014,0.27
16,TSG Hoffenheim,34,8,7,19,42,67,-25,31,2012,0.26
14,Real Zaragoza,38,10,11,17,46,64,-18,41,2009,0.26
15,West Ham United,38,12,5,21,35,59,-24,41,2006,0.26
17,Wigan Athletic,38,10,8,20,37,59,-22,38,2006,0.26
15,Blackburn Rovers,38,10,11,17,40,60,-20,41,2008,0.26
16,Wigan Athletic,38,9,15,14,40,61,-21,42,2010,0.26
14,Watford,38,11,8,19,44,64,-20,41,2017,0.26
14,Siena,38,9,16,13,44,55,-11,43,2004,0.26
18,Deportivo La Coruña,38,6,11,21,38,76,-38,29,2017,0.25
9,Granada,38,13,7,18,47,65,-18,46,2020,0.25
18,Fulham,38,5,13,20,27,53,-26,28,2020,0.25
19,Troyes,38,9,6,23,32,59,-27,33,2017,0.25
19,Novara,38,7,11,20,35,65,-30,32,2011,0.25
16,Hertha Berlin,34,7,10,17,38,64,-26,31,2011,0.24
17,Granada,38,7,14,17,29,64,-35,35,2014,0.24
17,Wolverhampton Wanderers,38,11,7,20,46,66,-20,40,2010,0.24
15,Newcastle United,38,10,9,19,40,63,-23,39,2014,0.24
16,Sunderland,38,7,17,14,31,53,-22,38,2014,0.24
15,Brighton & Hove Albion,38,9,13,16,34,54,-20,40,2017,0.24
18,Dijon FCO,38,9,7,22,31,60,-29,34,2018,0.24
16,Reggina,38,9,13,16,37,56,-19,40,2007,0.24
15,VfL Wolfsburg,34,7,13,14,33,55,-22,34,2005,0.23
19,Murcia,38,7,9,22,36,65,-29,30,2007,0.23
15,Granada,38,11,9,18,37,54,-17,42,2012,0.23
19,Almería,38,8,8,22,35,64,-29,29,2014,0.23
18,Sheffield United,38,10,8,20,32,55,-23,38,2006,0.23
17,Málaga,38,7,16,15,42,48,-6,37,2009,0.22
18,Hull City,38,8,11,19,33,51,-18,35,2014,0.22
16,Nottingham Forest,38,9,11,18,38,68,-30,38,2022,0.22
18,Caen,38,10,12,16,36,60,-24,42,2004,0.22
19,Troyes,38,4,12,22,45,81,-36,24,2022,0.22
19,Frosinone,38,5,10,23,29,69,-40,25,2018,0.22
16,Racing Santander,38,9,12,17,42,59,-17,39,2009,0.21
12,Athletic Club,38,12,9,17,44,65,-21,45,2012,0.21
16,Mallorca,38,10,9,19,36,63,-27,39,2021,0.21
16,Metz,34,8,5,21,35,58,-23,29,2023,0.21
17,Lorient,34,7,8,19,43,66,-23,29,2023,0.21
15,Getafe,38,9,11,18,28,43,-15,38,2020,0.2
14,Sochaux,38,11,9,18,40,60,-20,42,2011,0.2
14,VfL Bochum,34,7,11,16,39,55,-16,32,2008,0.19
18,Birmingham City,38,8,15,15,37,58,-21,39,2010,0.19
19,Blackburn Rovers,38,8,7,23,48,78,-30,31,2011,0.19
15,Montpellier,38,10,9,19,48,66,-18,39,2016,0.19
17,Sassuolo,38,9,7,22,43,72,-29,34,2013,0.19
19,Sporting Gijón,38,10,7,21,42,69,-27,37,2011,0.18
17,Sporting Gijón,38,10,9,19,40,62,-22,39,2015,0.18
19,Mallorca,38,9,6,23,40,65,-25,33,2019,0.18
16,Dijon FCO,38,8,13,17,46,58,-12,37,2016,0.18
17,Messina,38,6,13,19,33,59,-26,31,2005,0.18
17,VfB Stuttgart,34,9,6,19,50,75,-25,33,2015,0.17
18,Rayo Vallecano,38,9,11,18,52,73,-21,38,2015,0.17
18,AC Ajaccio,38,8,9,21,27,53,-26,33,2005,0.17
16,Lorient,38,8,12,18,35,63,-28,36,2021,0.17
16,1. FC Nürnberg,34,8,7,19,32,58,-26,31,2009,0.16
16,Hamburg SV,34,9,8,17,25,50,-25,35,2014,0.16
17,Fortuna Düsseldorf,34,6,12,16,36,67,-31,30,2019,0.16
16,Granada,38,10,9,19,46,69,-23,39,2015,0.16
19,Valenciennes,38,7,8,23,37,65,-28,29,2013,0.16
16,Kaiserslautern,34,8,9,17,47,71,-24,33,2005,0.15
14,Energie Cottbus,34,9,9,16,35,56,-21,36,2007,0.15
16,Osasuna,38,10,9,19,33,50,-17,39,2012,0.15
19,Levante,38,8,11,19,51,76,-25,35,2021,0.15
19,Middlesbrough,38,5,13,20,27,53,-26,28,2016,0.15
17,Southampton,38,7,15,16,37,56,-19,36,2017,0.15
16,AC Ajaccio,38,9,14,15,40,61,-21,41,2011,0.15
19,Hercules,38,9,8,21,36,60,-24,35,2010,0.14
18,Wigan Athletic,38,9,9,20,47,73,-26,36,2012,0.14
17,Aston Villa,38,10,8,20,31,57,-26,38,2014,0.14
19,Sedan,38,7,14,17,46,58,-12,35,2006,0.14
18,Torino,38,8,10,20,37,61,-24,34,2008,0.14
15,Kaiserslautern,34,11,6,17,39,62,-23,36,2003,0.13
13,Eintracht Frankfurt,34,8,9,17,39,60,-21,33,2008,0.13
16,Sunderland,38,9,9,20,34,54,-20,36,2008,0.13
19,Blackpool,38,10,9,19,55,78,-23,39,2010,0.13
19,Fulham,38,7,5,26,34,81,-47,26,2018,0.13
17,Clermont Foot,38,9,9,20,38,69,-31,36,2021,0.13
18,Lecce,38,7,8,23,30,57,-27,29,2005,0.13
17,Celta Vigo,38,10,7,21,37,52,-15,37,2012,0.12
15,AFC Bournemouth,38,11,6,21,37,71,-34,39,2022,0.12
17,FC Cologne,34,7,9,18,49,71,-22,30,2005,0.11
16,1. FC Nürnberg,34,7,10,17,35,51,-16,31,2007,0.11
16,VfB Stuttgart,34,7,7,20,32,70,-38,28,2018,0.11
14,VfL Bochum,34,10,5,19,40,72,-32,35,2022,0.11
19,Leeds United,38,7,10,21,48,78,-30,31,2022,0.11
18,Caen,38,9,11,18,39,59,-20,38,2011,0.11
18,Catania,38,8,8,22,34,66,-32,32,2013,0.11
19,Siena,38,7,10,21,40,67,-27,31,2009,0.1
19,Cesena,38,4,12,22,36,73,-37,24,2014,0.1
17,TSV 1860 Munich,34,8,8,18,32,55,-23,32,2003,0.09
16,Mainz,34,8,10,16,34,57,-23,34,2006,0.09
19,Charlton Athletic,38,8,10,20,34,60,-26,34,2006,0.09
19,Parma,38,7,13,18,42,62,-20,34,2007,0.09
19,Bologna,38,5,14,19,28,58,-30,29,2013,0.09
18,Cagliari,38,6,12,20,34,68,-34,30,2021,0.09
17,West Bromwich Albion,38,6,16,16,36,61,-25,34,2004,0.08
18,Newcastle United,38,7,13,18,40,59,-19,34,2008,0.08
18,Norwich City,38,8,9,21,28,62,-34,33,2013,0.08
19,Brescia,38,6,7,25,35,79,-44,25,2019,0.08
12,Cádiz,38,11,11,16,36,58,-22,44,2020,0.07
16,Alavés,38,9,11,18,36,57,-21,38,2020,0.07
18,Leicester City,38,6,15,17,48,65,-17,33,2003,0.07
18,Crystal Palace,38,7,12,19,41,62,-21,33,2004,0.07
19,Burnley,38,7,12,19,28,53,-25,33,2014,0.07
15,Borussia Monchengladbach,34,8,7,19,39,62,-23,31,2008,0.06
16,Hamburg SV,34,7,6,21,51,75,-24,27,2013,0.06
18,Real Valladolid,38,7,15,16,37,62,-25,36,2009,0.06
19,Huesca,38,7,12,19,43,65,-22,33,2018,0.06
18,Huesca,38,7,13,18,34,53,-19,34,2020,0.06
17,Hull City,38,8,11,19,39,64,-25,35,2008,0.06
18,Burnley,38,8,6,24,42,82,-40,30,2009,0.06
19,Watford,38,6,5,27,34,77,-43,23,2021,0.06
20,AJ Auxerre,38,7,13,18,46,57,-11,34,2011,0.06
18,Empoli,38,9,9,20,29,52,-23,36,2007,0.06
13,SC Freiburg,34,10,8,16,42,67,-25,38,2003,0.05
17,Elche,38,8,12,18,34,55,-21,36,2020,0.05
16,Huddersfield Town,38,9,10,19,28,58,-30,37,2017,0.05
19,Strasbourg,38,5,14,19,33,56,-23,29,2005,0.05
18,Lorient,38,10,6,22,44,70,-26,36,2016,0.05
19,Genoa,38,4,16,18,27,60,-33,28,2021,0.05
17,Alemannia Aachen,34,9,7,18,46,70,-24,34,2006,0.04
19,Getafe,38,9,9,20,37,67,-30,36,2015,0.04
20,Southampton,38,6,14,18,45,66,-21,32,2004,0.04
19,Hull City,38,6,12,20,34,75,-41,30,2009,0.04
17,Caen,38,10,7,21,36,65,-29,37,2016,0.04
19,AS Nancy Lorraine,38,9,8,21,29,52,-23,35,2016,0.04
15,Chievo Verona,38,11,10,17,32,49,-17,43,2004,0.04
17,Hansa Rostock,34,8,6,20,30,52,-22,30,2007,0.03
18,MSV Duisburg,34,8,5,21,36,55,-19,29,2007,0.03
17,Karlsruher SC,34,8,5,21,30,54,-24,29,2008,0.03
18,Hertha Berlin,34,5,9,20,34,56,-22,24,2009,0.03
18,Hertha Berlin,34,7,8,19,42,69,-27,29,2022,0.03
20,Albacete,38,6,10,22,33,56,-23,28,2004,0.03
14,Sporting Gijón,38,14,1,23,47,79,-32,43,2008,0.03
20,Recreativo Huelva,38,8,9,21,34,57,-23,33,2008,0.03
19,Deportivo La Coruña,38,8,11,19,47,70,-23,35,2012,0.03
20,Málaga,38,5,5,28,24,61,-37,20,2017,0.03
16,Wigan Athletic,38,9,9,20,37,79,-42,36,2009,0.03
18,Swansea City,38,8,9,21,28,56,-28,33,2017,0.03
19,West Bromwich Albion,38,5,11,22,35,76,-41,26,2020,0.03
19,Boulogne,38,7,10,21,31,62,-31,31,2009,0.03
18,Parma,38,10,12,16,48,65,-17,42,2004,0.03
19,Brescia,38,11,8,19,37,54,-17,41,2004,0.03
20,Atalanta,38,8,11,19,34,45,-11,35,2004,0.03
20,Hellas Verona,38,5,13,20,34,63,-29,28,2015,0.03
19,Hellas Verona,38,7,4,27,30,78,-48,25,2017,0.03
18,Borussia Monchengladbach,34,6,8,20,23,44,-21,26,2006,0.02
15,Arminia Bielefeld,34,8,10,16,35,60,-25,34,2007,0.02
17,VfL Bochum,34,6,10,18,33,64,-31,28,2009,0.02
17,FC Cologne,34,8,6,20,39,75,-36,30,2011,0.02
18,Kaiserslautern,34,4,11,19,24,54,-30,23,2011,0.02
17,Hannover 96,34,5,6,23,31,71,-40,21,2018,0.02
19,Numancia,38,10,5,23,38,69,-31,35,2008,0.02
13,Espanyol,38,12,7,19,40,74,-34,43,2015,0.02
19,Almería,38,3,12,23,43,75,-32,21,2023,0.02
20,Portsmouth,38,7,7,24,34,66,-32,19,2009,0.02
18,Hull City,38,9,7,22,37,80,-43,34,2016,0.02
20,West Bromwich Albion,38,6,13,19,31,56,-25,31,2017,0.02
14,Metz,38,11,10,17,39,72,-33,43,2016,0.02
20,Bastia,38,8,10,20,29,54,-25,34,2016,0.02
18,Saint-Etienne,38,7,11,20,42,77,-35,32,2021,0.02
18,AC Ajaccio,38,7,5,26,23,74,-51,26,2022,0.02
20,Venezia,38,6,9,23,34,69,-35,27,2021,0.02
16,Energie Cottbus,34,8,6,20,30,57,-27,30,2008,0.01
18,TSV Eintracht Braunschweig,34,6,7,21,29,60,-31,25,2013,0.01
17,Schalke 04,34,7,10,17,35,71,-36,31,2022,0.01
19,Numancia,38,6,11,21,30,61,-31,29,2004,0.01
19,Tenerife,38,9,9,20,40,74,-34,36,2009,0.01
20,Xerez,38,8,10,20,38,66,-28,34,2009,0.01
18,Mallorca,38,9,9,20,43,72,-29,36,2012,0.01
20,Real Zaragoza,38,9,7,22,37,62,-25,34,2012,0.01
19,Las Palmas,38,5,7,26,24,74,-50,22,2017,0.01
19,Middlesbrough,38,7,11,20,28,57,-29,32,2008,0.01
19,Reading,38,6,10,22,43,73,-30,28,2012,0.01
19,Fulham,38,9,5,24,40,85,-45,32,2013,0.01
20,Cardiff City,38,7,9,22,32,74,-42,30,2013,0.01
20,Sunderland,38,6,6,26,29,69,-40,24,2016,0.01
19,Stoke City,38,7,12,19,35,68,-33,33,2017,0.01
20,FC Istres,38,6,14,18,25,51,-26,32,2004,0.01
20,Nantes,38,7,13,18,29,49,-20,34,2006,0.01
20,Grenoble,38,5,8,25,31,61,-30,23,2009,0.01
19,Dijon FCO,38,9,9,20,38,63,-25,36,2011,0.01
19,Metz,38,7,9,22,31,61,-30,30,2014,0.01
20,Lens,38,7,8,23,32,61,-29,29,2014,0.01
19,Metz,38,6,13,19,35,69,-34,31,2021,0.01
20,Angers,38,4,6,28,33,81,-48,18,2022,0.01
19,Ascoli,38,5,12,21,36,67,-31,27,2006,0.01
19,Reggina,38,6,13,19,30,62,-32,31,2008,0.01
20,Lecce,38,5,15,18,37,67,-30,30,2008,0.01
19,Frosinone,38,8,7,23,35,76,-41,31,2015,0.01
19,Palermo,38,6,8,24,33,77,-44,26,2016,0.01
19,Crotone,38,6,5,27,45,92,-47,23,2020,0.01
20,Parma,38,3,11,24,39,83,-44,20,2020,0.01
17,Salernitana,38,7,10,21,33,78,-45,31,2021,0.01
18,FC Cologne,34,6,5,23,32,57,-25,23,2003,0.0
18,SC Freiburg,34,3,9,22,30,75,-45,18,2004,0.0
18,MSV Duisburg,34,5,12,17,34,63,-29,27,2005,0.0
18,Arminia Bielefeld,34,4,16,14,29,56,-27,28,2008,0.0
18,St. Pauli,34,8,5,21,35,68,-33,29,2010,0.0
18,SpVgg Greuther Furth,34,4,9,21,26,60,-34,21,2012,0.0
17,1. FC Nürnberg,34,5,11,18,37,70,-33,26,2013,0.0
18,SC Paderborn 07,34,7,10,17,31,65,-34,31,2014,0.0
18,Hannover 96,34,7,4,23,31,62,-31,25,2015,0.0
18,SV Darmstadt 98,34,7,4,23,28,63,-35,25,2016,0.0
18,FC Cologne,34,5,7,22,35,70,-35,22,2017,0.0
18,1. FC Nürnberg,34,3,10,21,26,68,-42,19,2018,0.0
18,SC Paderborn 07,34,4,8,22,37,74,-37,20,2019,0.0
18,Schalke 04,34,3,7,24,25,86,-61,16,2020,0.0
18,SpVgg Greuther Furth,34,3,9,22,28,82,-54,18,2021,0.0
18,SV Darmstadt 98,34,3,8,23,30,86,-56,17,2023,0.0
20,Murcia,38,5,11,22,29,57,-28,26,2003,0.0
20,Málaga,38,5,9,24,36,68,-32,24,2005,0.0
20,Gimnastic de Tarragona,38,7,7,24,34,69,-35,28,2006,0.0
20,Levante,38,7,5,26,33,75,-42,26,2007,0.0
20,Almería,38,6,12,20,36,70,-34,30,2010,0.0
20,Racing Santander,38,4,15,19,28,63,-35,27,2011,0.0
20,Real Betis,38,6,7,25,36,78,-42,25,2013,0.0
20,Córdoba,38,3,11,24,22,68,-46,20,2014,0.0
20,Levante,38,8,8,22,37,70,-33,32,2015,0.0
19,Osasuna,38,4,10,24,40,94,-54,22,2016,0.0
20,Granada,38,4,8,26,30,82,-52,20,2016,0.0
20,Rayo Vallecano,38,8,8,22,41,70,-29,32,2018,0.0
20,Espanyol,38,5,10,23,27,58,-31,25,2019,0.0
19,Real Valladolid,38,5,16,17,34,57,-23,31,2020,0.0
20,Eibar,38,6,12,20,29,52,-23,30,2020,0.0
20,Alavés,38,8,7,23,31,65,-34,31,2021,0.0
20,Elche,38,5,10,23,30,67,-37,25,2022,0.0
20,Granada,38,4,9,25,38,79,-41,21,2023,0.0
19,Leeds United,38,8,9,21,40,79,-39,33,2003,0.0
20,Wolverhampton Wanderers,38,7,12,19,38,77,-39,33,2003,0.0
19,Norwich City,38,7,12,19,42,77,-35,33,2004,0.0
20,Sunderland,38,3,6,29,26,69,-43,15,2005,0.0
20,Watford,38,5,13,20,29,59,-30,28,2006,0.0
20,Derby County,38,1,8,29,20,89,-69,11,2007,0.0
20,West Bromwich Albion,38,8,8,22,36,67,-31,32,2008,0.0
20,West Ham United,38,7,12,19,43,70,-27,33,2010,0.0
20,Wolverhampton Wanderers,38,5,10,23,40,82,-42,25,2011,0.0
20,Queens Park Rangers,38,4,13,21,30,60,-30,25,2012,0.0
20,Queens Park Rangers,38,8,6,24,42,73,-31,30,2014,0.0
20,Aston Villa,38,3,8,27,27,76,-49,17,2015,0.0
20,Huddersfield Town,38,3,7,28,22,76,-54,16,2018,0.0
20,Norwich City,38,5,6,27,26,75,-49,21,2019,0.0
20,Sheffield United,38,7,2,29,20,63,-43,23,2020,0.0
20,Norwich City,38,5,7,26,23,84,-61,22,2021,0.0
20,Southampton,38,6,7,25,36,73,-37,25,2022,0.0
20,Sheffield United,38,3,7,28,35,104,-69,16,2023,0.0
20,Montpellier,38,8,7,23,41,74,-33,31,2003,0.0
20,Metz,38,6,11,21,26,59,-33,29,2005,0.0
20,Metz,38,5,9,24,28,64,-36,24,2007,0.0
20,Le Havre AC,38,7,5,26,30,67,-37,26,2008,0.0
20,Arles,38,3,11,24,21,70,-49,20,2010,0.0
20,Brest,38,8,5,25,32,62,-30,29,2012,0.0
20,AC Ajaccio,38,4,11,23,37,72,-35,23,2013,0.0
20,Troyes,38,3,9,26,28,83,-55,18,2015,0.0
20,Metz,38,6,8,24,34,76,-42,26,2017,0.0
20,Guingamp,38,5,12,21,28,68,-40,27,2018,0.0
20,Toulouse,28,3,4,21,22,58,-36,13,2019,0.0
20,Dijon FCO,38,4,9,25,25,73,-48,21,2020,0.0
20,Bordeaux,38,6,13,19,52,91,-39,31,2021,0.0
18,Clermont Foot,34,5,10,19,26,60,-34,25,2023,0.0
18,Ancona,34,2,7,25,21,70,-49,13,2003,0.0
19,Treviso,38,3,12,23,24,56,-32,21,2005,0.0
20,Messina,38,5,11,22,37,69,-32,26,2006,0.0
20,Livorno,38,6,12,20,35,60,-25,30,2007,0.0
20,Livorno,38,7,8,23,27,61,-34,29,2009,0.0
20,Bari,38,5,9,24,27,56,-29,24,2010,0.0
20,Cesena,38,4,10,24,24,60,-36,22,2011,0.0
20,US Pescara,38,6,4,28,27,84,-57,22,2012,0.0
20,Livorno,38,6,7,25,39,77,-38,25,2013,0.0
20,Parma,38,6,8,24,33,75,-42,19,2014,0.0
20,US Pescara,38,3,9,26,37,81,-44,18,2016,0.0
20,Benevento,38,6,3,29,33,84,-51,21,2017,0.0
20,Chievo Verona,38,2,14,22,25,75,-50,17,2018,0.0
20,SPAL,38,5,5,28,27,77,-50,20,2019,0.0
20,Sampdoria,38,3,10,25,24,71,-47,19,2022,0.0
20,Salernitana,38,2,11,25,32,81,-49,17,2023,0.0
